Workbook

Sheet 근무표(입력)
A1: 근무일자 | B1: 요일 | C1: 타임1 | G1: 타임2 | K1: 타임3 | O1: 타임4 | S1: 타임5 | Y1: [ 개인별 근무 집계 현황 ]
C2: 이름 | D2: 출근 | E2: 퇴근 | F2: 시간 | G2: 이름 | H2: 출근 | I2: 퇴근 | J2: 시간 | K2: 이름 | L2: 출근 | M2: 퇴근 | N2: 시간 | O2: 이름 | P2: 출근 | Q2: 퇴근 | R2: 시간 | S2: 이름 | T2: 출근 | U2: 퇴근 | V2: 시간 | Y2: 이 름 | Z2: 총 근무시간 | AA2: 총 근무일수 | AN2: 주차(Hidden)
A3: 46054 | B3: =TEXT(A3, "aaa") -> 일 | F3: =IF(OR(D3="", E3=""), "", MOD(E3-D3,1)*24 - IF(MOD(E3-D3,1)*24 >= 8, 1, IF(MOD(E3-D3,1)*24 >= 4, 0.5, 0))) | J3: =IF(OR(H3="", I3=""), "", MOD(I3-H3,1)*24 - IF(MOD(I3-H3,1)*24 >= 8, 1, IF(MOD(I3-H3,1)*24 >= 4, 0.5, 0))) | N3: =IF(OR(L3="", M3=""), "", MOD(M3-L3,1)*24 - IF(MOD(M3-L3,1)*24 >= 8, 1, IF(MOD(M3-L3,1)*24 >= 4, 0.5, 0))) | R3: =IF(OR(P3="", Q3=""), "", MOD(Q3-P3,1)*24 - IF(MOD(Q3-P3,1)*24 >= 8, 1, IF(MOD(Q3-P3,1)*24 >= 4, 0.5, 0))) | V3: =IF(OR(T3="", U3=""), "", MOD(U3-T3,1)*24 - IF(MOD(U3-T3,1)*24 >= 8, 1, IF(MOD(U3-T3,1)*24 >= 4, 0.5, 0))) | X3: 1 | Y3: 김도윤 | Z3: =SUMIF($C$3:$C$33, $Y3, $F$3:$F$33)+SUMIF($G$3:$G$33, $Y3, $J$3:$J$33)+SUMIF($K$3:$K$33, $Y3, $N$3:$N$33)+SUMIF($S$3:$S$33, $Y3, $V$3:$V$33)+SUMIF($O$3:$O$33, $Y3, $R$3:$R$33) -> 0 | AA3: =COUNTIF($C$3:$C$33, $Y3) + COUNTIF($G$3:$G$33, $Y3) + COUNTIF($K$3:$K$33, $Y3) + COUNTIF($S$3:$S$33, $Y3)+ COUNTIF($O$3:$O$33, $Y3) -> 0 | AN3: =IF(A3="", 0, WEEKNUM(A3, 2)) -> 5
A4: =IF(A3="","",IF(MONTH(A3+1)<>MONTH($A$3),"",A3+1)) -> 46055 | B4: =IF(A4="","",TEXT(A4, "aaa")) -> 월 | F4: =IF(OR(D4="", E4=""), "", MOD(E4-D4,1)*24 - IF(MOD(E4-D4,1)*24 >= 8, 1, IF(MOD(E4-D4,1)*24 >= 4, 0.5, 0))) | J4: =IF(OR(H4="", I4=""), "", MOD(I4-H4,1)*24 - IF(MOD(I4-H4,1)*24 >= 8, 1, IF(MOD(I4-H4,1)*24 >= 4, 0.5, 0))) | N4: =IF(OR(L4="", M4=""), "", MOD(M4-L4,1)*24 - IF(MOD(M4-L4,1)*24 >= 8, 1, IF(MOD(M4-L4,1)*24 >= 4, 0.5, 0))) | R4: =IF(OR(P4="", Q4=""), "", MOD(Q4-P4,1)*24 - IF(MOD(Q4-P4,1)*24 >= 8, 1, IF(MOD(Q4-P4,1)*24 >= 4, 0.5, 0))) | V4: =IF(OR(T4="", U4=""), "", MOD(U4-T4,1)*24 - IF(MOD(U4-T4,1)*24 >= 8, 1, IF(MOD(U4-T4,1)*24 >= 4, 0.5, 0))) | X4: 2 | Y4: 김지수 | Z4: =SUMIF($C$3:$C$33, $Y4, $F$3:$F$33)+SUMIF($G$3:$G$33, $Y4, $J$3:$J$33)+SUMIF($K$3:$K$33, $Y4, $N$3:$N$33)+SUMIF($S$3:$S$33, $Y4, $V$3:$V$33)+SUMIF($O$3:$O$33, $Y4, $R$3:$R$33) -> 0 | AA4: =COUNTIF($C$3:$C$33, $Y4) + COUNTIF($G$3:$G$33, $Y4) + COUNTIF($K$3:$K$33, $Y4) + COUNTIF($S$3:$S$33, $Y4)+ COUNTIF($O$3:$O$33, $Y4) -> 0 | AN4: =IF(A4="", 0, WEEKNUM(A4, 2)) -> 6
A5: =IF(A4="","",IF(MONTH(A4+1)<>MONTH($A$3),"",A4+1)) -> 46056 | B5: =IF(A5="","",TEXT(A5, "aaa")) -> 화 | F5: =IF(OR(D5="", E5=""), "", MOD(E5-D5,1)*24 - IF(MOD(E5-D5,1)*24 >= 8, 1, IF(MOD(E5-D5,1)*24 >= 4, 0.5, 0))) | J5: =IF(OR(H5="", I5=""), "", MOD(I5-H5,1)*24 - IF(MOD(I5-H5,1)*24 >= 8, 1, IF(MOD(I5-H5,1)*24 >= 4, 0.5, 0))) | N5: =IF(OR(L5="", M5=""), "", MOD(M5-L5,1)*24 - IF(MOD(M5-L5,1)*24 >= 8, 1, IF(MOD(M5-L5,1)*24 >= 4, 0.5, 0))) | R5: =IF(OR(P5="", Q5=""), "", MOD(Q5-P5,1)*24 - IF(MOD(Q5-P5,1)*24 >= 8, 1, IF(MOD(Q5-P5,1)*24 >= 4, 0.5, 0))) | V5: =IF(OR(T5="", U5=""), "", MOD(U5-T5,1)*24 - IF(MOD(U5-T5,1)*24 >= 8, 1, IF(MOD(U5-T5,1)*24 >= 4, 0.5, 0))) | X5: 3 | Y5: 김현호 | Z5: =SUMIF($C$3:$C$33, $Y5, $F$3:$F$33)+SUMIF($G$3:$G$33, $Y5, $J$3:$J$33)+SUMIF($K$3:$K$33, $Y5, $N$3:$N$33)+SUMIF($S$3:$S$33, $Y5, $V$3:$V$33)+SUMIF($O$3:$O$33, $Y5, $R$3:$R$33) -> 0 | AA5: =COUNTIF($C$3:$C$33, $Y5) + COUNTIF($G$3:$G$33, $Y5) + COUNTIF($K$3:$K$33, $Y5) + COUNTIF($S$3:$S$33, $Y5)+ COUNTIF($O$3:$O$33, $Y5) -> 0 | AN5: =IF(A5="", 0, WEEKNUM(A5, 2)) -> 6
A6: =IF(A5="","",IF(MONTH(A5+1)<>MONTH($A$3),"",A5+1)) -> 46057 | B6: =IF(A6="","",TEXT(A6, "aaa")) -> 수 | F6: =IF(OR(D6="", E6=""), "", MOD(E6-D6,1)*24 - IF(MOD(E6-D6,1)*24 >= 8, 1, IF(MOD(E6-D6,1)*24 >= 4, 0.5, 0))) | J6: =IF(OR(H6="", I6=""), "", MOD(I6-H6,1)*24 - IF(MOD(I6-H6,1)*24 >= 8, 1, IF(MOD(I6-H6,1)*24 >= 4, 0.5, 0))) | N6: =IF(OR(L6="", M6=""), "", MOD(M6-L6,1)*24 - IF(MOD(M6-L6,1)*24 >= 8, 1, IF(MOD(M6-L6,1)*24 >= 4, 0.5, 0))) | R6: =IF(OR(P6="", Q6=""), "", MOD(Q6-P6,1)*24 - IF(MOD(Q6-P6,1)*24 >= 8, 1, IF(MOD(Q6-P6,1)*24 >= 4, 0.5, 0))) | V6: =IF(OR(T6="", U6=""), "", MOD(U6-T6,1)*24 - IF(MOD(U6-T6,1)*24 >= 8, 1, IF(MOD(U6-T6,1)*24 >= 4, 0.5, 0))) | X6: 4 | Y6: 송채민 | Z6: =SUMIF($C$3:$C$33, $Y6, $F$3:$F$33)+SUMIF($G$3:$G$33, $Y6, $J$3:$J$33)+SUMIF($K$3:$K$33, $Y6, $N$3:$N$33)+SUMIF($S$3:$S$33, $Y6, $V$3:$V$33)+SUMIF($O$3:$O$33, $Y6, $R$3:$R$33) -> 0 | AA6: =COUNTIF($C$3:$C$33, $Y6) + COUNTIF($G$3:$G$33, $Y6) + COUNTIF($K$3:$K$33, $Y6) + COUNTIF($S$3:$S$33, $Y6)+ COUNTIF($O$3:$O$33, $Y6) -> 0 | AN6: =IF(A6="", 0, WEEKNUM(A6, 2)) -> 6
A7: =IF(A6="","",IF(MONTH(A6+1)<>MONTH($A$3),"",A6+1)) -> 46058 | B7: =IF(A7="","",TEXT(A7, "aaa")) -> 목 | F7: =IF(OR(D7="", E7=""), "", MOD(E7-D7,1)*24 - IF(MOD(E7-D7,1)*24 >= 8, 1, IF(MOD(E7-D7,1)*24 >= 4, 0.5, 0))) | J7: =IF(OR(H7="", I7=""), "", MOD(I7-H7,1)*24 - IF(MOD(I7-H7,1)*24 >= 8, 1, IF(MOD(I7-H7,1)*24 >= 4, 0.5, 0))) | N7: =IF(OR(L7="", M7=""), "", MOD(M7-L7,1)*24 - IF(MOD(M7-L7,1)*24 >= 8, 1, IF(MOD(M7-L7,1)*24 >= 4, 0.5, 0))) | R7: =IF(OR(P7="", Q7=""), "", MOD(Q7-P7,1)*24 - IF(MOD(Q7-P7,1)*24 >= 8, 1, IF(MOD(Q7-P7,1)*24 >= 4, 0.5, 0))) | V7: =IF(OR(T7="", U7=""), "", MOD(U7-T7,1)*24 - IF(MOD(U7-T7,1)*24 >= 8, 1, IF(MOD(U7-T7,1)*24 >= 4, 0.5, 0))) | X7: 5 | Y7: 이예은 | Z7: =SUMIF($C$3:$C$33, $Y7, $F$3:$F$33)+SUMIF($G$3:$G$33, $Y7, $J$3:$J$33)+SUMIF($K$3:$K$33, $Y7, $N$3:$N$33)+SUMIF($S$3:$S$33, $Y7, $V$3:$V$33)+SUMIF($O$3:$O$33, $Y7, $R$3:$R$33) -> 0 | AA7: =COUNTIF($C$3:$C$33, $Y7) + COUNTIF($G$3:$G$33, $Y7) + COUNTIF($K$3:$K$33, $Y7) + COUNTIF($S$3:$S$33, $Y7)+ COUNTIF($O$3:$O$33, $Y7) -> 0 | AN7: =IF(A7="", 0, WEEKNUM(A7, 2)) -> 6
A8: =IF(A7="","",IF(MONTH(A7+1)<>MONTH($A$3),"",A7+1)) -> 46059 | B8: =IF(A8="","",TEXT(A8, "aaa")) -> 금 | F8: =IF(OR(D8="", E8=""), "", MOD(E8-D8,1)*24 - IF(MOD(E8-D8,1)*24 >= 8, 1, IF(MOD(E8-D8,1)*24 >= 4, 0.5, 0))) | J8: =IF(OR(H8="", I8=""), "", MOD(I8-H8,1)*24 - IF(MOD(I8-H8,1)*24 >= 8, 1, IF(MOD(I8-H8,1)*24 >= 4, 0.5, 0))) | N8: =IF(OR(L8="", M8=""), "", MOD(M8-L8,1)*24 - IF(MOD(M8-L8,1)*24 >= 8, 1, IF(MOD(M8-L8,1)*24 >= 4, 0.5, 0))) | R8: =IF(OR(P8="", Q8=""), "", MOD(Q8-P8,1)*24 - IF(MOD(Q8-P8,1)*24 >= 8, 1, IF(MOD(Q8-P8,1)*24 >= 4, 0.5, 0))) | V8: =IF(OR(T8="", U8=""), "", MOD(U8-T8,1)*24 - IF(MOD(U8-T8,1)*24 >= 8, 1, IF(MOD(U8-T8,1)*24 >= 4, 0.5, 0))) | X8: 6 | Y8: 정가은 | Z8: =SUMIF($C$3:$C$33, $Y8, $F$3:$F$33)+SUMIF($G$3:$G$33, $Y8, $J$3:$J$33)+SUMIF($K$3:$K$33, $Y8, $N$3:$N$33)+SUMIF($S$3:$S$33, $Y8, $V$3:$V$33)+SUMIF($O$3:$O$33, $Y8, $R$3:$R$33) -> 0 | AA8: =COUNTIF($C$3:$C$33, $Y8) + COUNTIF($G$3:$G$33, $Y8) + COUNTIF($K$3:$K$33, $Y8) + COUNTIF($S$3:$S$33, $Y8)+ COUNTIF($O$3:$O$33, $Y8) -> 0 | AN8: =IF(A8="", 0, WEEKNUM(A8, 2)) -> 6
A9: =IF(A8="","",IF(MONTH(A8+1)<>MONTH($A$3),"",A8+1)) -> 46060 | B9: =IF(A9="","",TEXT(A9, "aaa")) -> 토 | F9: =IF(OR(D9="", E9=""), "", MOD(E9-D9,1)*24 - IF(MOD(E9-D9,1)*24 >= 8, 1, IF(MOD(E9-D9,1)*24 >= 4, 0.5, 0))) | J9: =IF(OR(H9="", I9=""), "", MOD(I9-H9,1)*24 - IF(MOD(I9-H9,1)*24 >= 8, 1, IF(MOD(I9-H9,1)*24 >= 4, 0.5, 0))) | N9: =IF(OR(L9="", M9=""), "", MOD(M9-L9,1)*24 - IF(MOD(M9-L9,1)*24 >= 8, 1, IF(MOD(M9-L9,1)*24 >= 4, 0.5, 0))) | R9: =IF(OR(P9="", Q9=""), "", MOD(Q9-P9,1)*24 - IF(MOD(Q9-P9,1)*24 >= 8, 1, IF(MOD(Q9-P9,1)*24 >= 4, 0.5, 0))) | V9: =IF(OR(T9="", U9=""), "", MOD(U9-T9,1)*24 - IF(MOD(U9-T9,1)*24 >= 8, 1, IF(MOD(U9-T9,1)*24 >= 4, 0.5, 0))) | X9: 7 | Y9: 황승연 | Z9: =SUMIF($C$3:$C$33, $Y9, $F$3:$F$33)+SUMIF($G$3:$G$33, $Y9, $J$3:$J$33)+SUMIF($K$3:$K$33, $Y9, $N$3:$N$33)+SUMIF($S$3:$S$33, $Y9, $V$3:$V$33)+SUMIF($O$3:$O$33, $Y9, $R$3:$R$33) -> 0 | AA9: =COUNTIF($C$3:$C$33, $Y9) + COUNTIF($G$3:$G$33, $Y9) + COUNTIF($K$3:$K$33, $Y9) + COUNTIF($S$3:$S$33, $Y9)+ COUNTIF($O$3:$O$33, $Y9) -> 0 | AN9: =IF(A9="", 0, WEEKNUM(A9, 2)) -> 6
A10: =IF(A9="","",IF(MONTH(A9+1)<>MONTH($A$3),"",A9+1)) -> 46061 | B10: =IF(A10="","",TEXT(A10, "aaa")) -> 일 | F10: =IF(OR(D10="", E10=""), "", MOD(E10-D10,1)*24 - IF(MOD(E10-D10,1)*24 >= 8, 1, IF(MOD(E10-D10,1)*24 >= 4, 0.5, 0))) | J10: =IF(OR(H10="", I10=""), "", MOD(I10-H10,1)*24 - IF(MOD(I10-H10,1)*24 >= 8, 1, IF(MOD(I10-H10,1)*24 >= 4, 0.5, 0))) | N10: =IF(OR(L10="", M10=""), "", MOD(M10-L10,1)*24 - IF(MOD(M10-L10,1)*24 >= 8, 1, IF(MOD(M10-L10,1)*24 >= 4, 0.5, 0))) | R10: =IF(OR(P10="", Q10=""), "", MOD(Q10-P10,1)*24 - IF(MOD(Q10-P10,1)*24 >= 8, 1, IF(MOD(Q10-P10,1)*24 >= 4, 0.5, 0))) | V10: =IF(OR(T10="", U10=""), "", MOD(U10-T10,1)*24 - IF(MOD(U10-T10,1)*24 >= 8, 1, IF(MOD(U10-T10,1)*24 >= 4, 0.5, 0))) | X10: 8 | Z10: =SUMIF($C$3:$C$33, $Y10, $F$3:$F$33)+SUMIF($G$3:$G$33, $Y10, $J$3:$J$33)+SUMIF($K$3:$K$33, $Y10, $N$3:$N$33)+SUMIF($S$3:$S$33, $Y10, $V$3:$V$33)+SUMIF($O$3:$O$33, $Y10, $R$3:$R$33) -> 0 | AA10: =COUNTIF($C$3:$C$33, $Y10) + COUNTIF($G$3:$G$33, $Y10) + COUNTIF($K$3:$K$33, $Y10) + COUNTIF($S$3:$S$33, $Y10)+ COUNTIF($O$3:$O$33, $Y10) -> 0 | AN10: =IF(A10="", 0, WEEKNUM(A10, 2)) -> 6
A11: =IF(A10="","",IF(MONTH(A10+1)<>MONTH($A$3),"",A10+1)) -> 46062 | B11: =IF(A11="","",TEXT(A11, "aaa")) -> 월 | F11: =IF(OR(D11="", E11=""), "", MOD(E11-D11,1)*24 - IF(MOD(E11-D11,1)*24 >= 8, 1, IF(MOD(E11-D11,1)*24 >= 4, 0.5, 0))) | J11: =IF(OR(H11="", I11=""), "", MOD(I11-H11,1)*24 - IF(MOD(I11-H11,1)*24 >= 8, 1, IF(MOD(I11-H11,1)*24 >= 4, 0.5, 0))) | N11: =IF(OR(L11="", M11=""), "", MOD(M11-L11,1)*24 - IF(MOD(M11-L11,1)*24 >= 8, 1, IF(MOD(M11-L11,1)*24 >= 4, 0.5, 0))) | R11: =IF(OR(P11="", Q11=""), "", MOD(Q11-P11,1)*24 - IF(MOD(Q11-P11,1)*24 >= 8, 1, IF(MOD(Q11-P11,1)*24 >= 4, 0.5, 0))) | V11: =IF(OR(T11="", U11=""), "", MOD(U11-T11,1)*24 - IF(MOD(U11-T11,1)*24 >= 8, 1, IF(MOD(U11-T11,1)*24 >= 4, 0.5, 0))) | X11: 9 | Z11: =SUMIF($C$3:$C$33, $Y11, $F$3:$F$33)+SUMIF($G$3:$G$33, $Y11, $J$3:$J$33)+SUMIF($K$3:$K$33, $Y11, $N$3:$N$33)+SUMIF($S$3:$S$33, $Y11, $V$3:$V$33)+SUMIF($O$3:$O$33, $Y11, $R$3:$R$33) -> 0 | AA11: =COUNTIF($C$3:$C$33, $Y11) + COUNTIF($G$3:$G$33, $Y11) + COUNTIF($K$3:$K$33, $Y11) + COUNTIF($S$3:$S$33, $Y11)+ COUNTIF($O$3:$O$33, $Y11) -> 0 | AN11: =IF(A11="", 0, WEEKNUM(A11, 2)) -> 7
A12: =IF(A11="","",IF(MONTH(A11+1)<>MONTH($A$3),"",A11+1)) -> 46063 | B12: =IF(A12="","",TEXT(A12, "aaa")) -> 화 | F12: =IF(OR(D12="", E12=""), "", MOD(E12-D12,1)*24 - IF(MOD(E12-D12,1)*24 >= 8, 1, IF(MOD(E12-D12,1)*24 >= 4, 0.5, 0))) | J12: =IF(OR(H12="", I12=""), "", MOD(I12-H12,1)*24 - IF(MOD(I12-H12,1)*24 >= 8, 1, IF(MOD(I12-H12,1)*24 >= 4, 0.5, 0))) | N12: =IF(OR(L12="", M12=""), "", MOD(M12-L12,1)*24 - IF(MOD(M12-L12,1)*24 >= 8, 1, IF(MOD(M12-L12,1)*24 >= 4, 0.5, 0))) | R12: =IF(OR(P12="", Q12=""), "", MOD(Q12-P12,1)*24 - IF(MOD(Q12-P12,1)*24 >= 8, 1, IF(MOD(Q12-P12,1)*24 >= 4, 0.5, 0))) | V12: =IF(OR(T12="", U12=""), "", MOD(U12-T12,1)*24 - IF(MOD(U12-T12,1)*24 >= 8, 1, IF(MOD(U12-T12,1)*24 >= 4, 0.5, 0))) | X12: 10 | Z12: =SUMIF($C$3:$C$33, $Y12, $F$3:$F$33)+SUMIF($G$3:$G$33, $Y12, $J$3:$J$33)+SUMIF($K$3:$K$33, $Y12, $N$3:$N$33)+SUMIF($S$3:$S$33, $Y12, $V$3:$V$33)+SUMIF($O$3:$O$33, $Y12, $R$3:$R$33) -> 0 | AA12: =COUNTIF($C$3:$C$33, $Y12) + COUNTIF($G$3:$G$33, $Y12) + COUNTIF($K$3:$K$33, $Y12) + COUNTIF($S$3:$S$33, $Y12)+ COUNTIF($O$3:$O$33, $Y12) -> 0 | AN12: =IF(A12="", 0, WEEKNUM(A12, 2)) -> 7
A13: =IF(A12="","",IF(MONTH(A12+1)<>MONTH($A$3),"",A12+1)) -> 46064 | B13: =IF(A13="","",TEXT(A13, "aaa")) -> 수 | F13: =IF(OR(D13="", E13=""), "", MOD(E13-D13,1)*24 - IF(MOD(E13-D13,1)*24 >= 8, 1, IF(MOD(E13-D13,1)*24 >= 4, 0.5, 0))) | J13: =IF(OR(H13="", I13=""), "", MOD(I13-H13,1)*24 - IF(MOD(I13-H13,1)*24 >= 8, 1, IF(MOD(I13-H13,1)*24 >= 4, 0.5, 0))) | N13: =IF(OR(L13="", M13=""), "", MOD(M13-L13,1)*24 - IF(MOD(M13-L13,1)*24 >= 8, 1, IF(MOD(M13-L13,1)*24 >= 4, 0.5, 0))) | R13: =IF(OR(P13="", Q13=""), "", MOD(Q13-P13,1)*24 - IF(MOD(Q13-P13,1)*24 >= 8, 1, IF(MOD(Q13-P13,1)*24 >= 4, 0.5, 0))) | V13: =IF(OR(T13="", U13=""), "", MOD(U13-T13,1)*24 - IF(MOD(U13-T13,1)*24 >= 8, 1, IF(MOD(U13-T13,1)*24 >= 4, 0.5, 0))) | X13: 11 | Z13: =SUMIF($C$3:$C$33, $Y13, $F$3:$F$33)+SUMIF($G$3:$G$33, $Y13, $J$3:$J$33)+SUMIF($K$3:$K$33, $Y13, $N$3:$N$33)+SUMIF($S$3:$S$33, $Y13, $V$3:$V$33)+SUMIF($O$3:$O$33, $Y13, $R$3:$R$33) -> 0 | AA13: =COUNTIF($C$3:$C$33, $Y13) + COUNTIF($G$3:$G$33, $Y13) + COUNTIF($K$3:$K$33, $Y13) + COUNTIF($S$3:$S$33, $Y13)+ COUNTIF($O$3:$O$33, $Y13) -> 0 | AN13: =IF(A13="", 0, WEEKNUM(A13, 2)) -> 7
A14: =IF(A13="","",IF(MONTH(A13+1)<>MONTH($A$3),"",A13+1)) -> 46065 | B14: =IF(A14="","",TEXT(A14, "aaa")) -> 목 | F14: =IF(OR(D14="", E14=""), "", MOD(E14-D14,1)*24 - IF(MOD(E14-D14,1)*24 >= 8, 1, IF(MOD(E14-D14,1)*24 >= 4, 0.5, 0))) | J14: =IF(OR(H14="", I14=""), "", MOD(I14-H14,1)*24 - IF(MOD(I14-H14,1)*24 >= 8, 1, IF(MOD(I14-H14,1)*24 >= 4, 0.5, 0))) | N14: =IF(OR(L14="", M14=""), "", MOD(M14-L14,1)*24 - IF(MOD(M14-L14,1)*24 >= 8, 1, IF(MOD(M14-L14,1)*24 >= 4, 0.5, 0))) | R14: =IF(OR(P14="", Q14=""), "", MOD(Q14-P14,1)*24 - IF(MOD(Q14-P14,1)*24 >= 8, 1, IF(MOD(Q14-P14,1)*24 >= 4, 0.5, 0))) | V14: =IF(OR(T14="", U14=""), "", MOD(U14-T14,1)*24 - IF(MOD(U14-T14,1)*24 >= 8, 1, IF(MOD(U14-T14,1)*24 >= 4, 0.5, 0))) | X14: 12 | Z14: =SUMIF($C$3:$C$33, $Y14, $F$3:$F$33)+SUMIF($G$3:$G$33, $Y14, $J$3:$J$33)+SUMIF($K$3:$K$33, $Y14, $N$3:$N$33)+SUMIF($S$3:$S$33, $Y14, $V$3:$V$33)+SUMIF($O$3:$O$33, $Y14, $R$3:$R$33) -> 0 | AA14: =COUNTIF($C$3:$C$33, $Y14) + COUNTIF($G$3:$G$33, $Y14) + COUNTIF($K$3:$K$33, $Y14) + COUNTIF($S$3:$S$33, $Y14)+ COUNTIF($O$3:$O$33, $Y14) -> 0 | AN14: =IF(A14="", 0, WEEKNUM(A14, 2)) -> 7
A15: =IF(A14="","",IF(MONTH(A14+1)<>MONTH($A$3),"",A14+1)) -> 46066 | B15: =IF(A15="","",TEXT(A15, "aaa")) -> 금 | F15: =IF(OR(D15="", E15=""), "", MOD(E15-D15,1)*24 - IF(MOD(E15-D15,1)*24 >= 8, 1, IF(MOD(E15-D15,1)*24 >= 4, 0.5, 0))) | J15: =IF(OR(H15="", I15=""), "", MOD(I15-H15,1)*24 - IF(MOD(I15-H15,1)*24 >= 8, 1, IF(MOD(I15-H15,1)*24 >= 4, 0.5, 0))) | N15: =IF(OR(L15="", M15=""), "", MOD(M15-L15,1)*24 - IF(MOD(M15-L15,1)*24 >= 8, 1, IF(MOD(M15-L15,1)*24 >= 4, 0.5, 0))) | R15: =IF(OR(P15="", Q15=""), "", MOD(Q15-P15,1)*24 - IF(MOD(Q15-P15,1)*24 >= 8, 1, IF(MOD(Q15-P15,1)*24 >= 4, 0.5, 0))) | V15: =IF(OR(T15="", U15=""), "", MOD(U15-T15,1)*24 - IF(MOD(U15-T15,1)*24 >= 8, 1, IF(MOD(U15-T15,1)*24 >= 4, 0.5, 0))) | X15: 13 | Z15: =SUMIF($C$3:$C$33, $Y15, $F$3:$F$33)+SUMIF($G$3:$G$33, $Y15, $J$3:$J$33)+SUMIF($K$3:$K$33, $Y15, $N$3:$N$33)+SUMIF($S$3:$S$33, $Y15, $V$3:$V$33)+SUMIF($O$3:$O$33, $Y15, $R$3:$R$33) -> 0 | AA15: =COUNTIF($C$3:$C$33, $Y15) + COUNTIF($G$3:$G$33, $Y15) + COUNTIF($K$3:$K$33, $Y15) + COUNTIF($S$3:$S$33, $Y15)+ COUNTIF($O$3:$O$33, $Y15) -> 0 | AN15: =IF(A15="", 0, WEEKNUM(A15, 2)) -> 7
A16: =IF(A15="","",IF(MONTH(A15+1)<>MONTH($A$3),"",A15+1)) -> 46067 | B16: =IF(A16="","",TEXT(A16, "aaa")) -> 토 | F16: =IF(OR(D16="", E16=""), "", MOD(E16-D16,1)*24 - IF(MOD(E16-D16,1)*24 >= 8, 1, IF(MOD(E16-D16,1)*24 >= 4, 0.5, 0))) | J16: =IF(OR(H16="", I16=""), "", MOD(I16-H16,1)*24 - IF(MOD(I16-H16,1)*24 >= 8, 1, IF(MOD(I16-H16,1)*24 >= 4, 0.5, 0))) | N16: =IF(OR(L16="", M16=""), "", MOD(M16-L16,1)*24 - IF(MOD(M16-L16,1)*24 >= 8, 1, IF(MOD(M16-L16,1)*24 >= 4, 0.5, 0))) | R16: =IF(OR(P16="", Q16=""), "", MOD(Q16-P16,1)*24 - IF(MOD(Q16-P16,1)*24 >= 8, 1, IF(MOD(Q16-P16,1)*24 >= 4, 0.5, 0))) | V16: =IF(OR(T16="", U16=""), "", MOD(U16-T16,1)*24 - IF(MOD(U16-T16,1)*24 >= 8, 1, IF(MOD(U16-T16,1)*24 >= 4, 0.5, 0))) | X16: 14 | Z16: =SUMIF($C$3:$C$33, $Y16, $F$3:$F$33)+SUMIF($G$3:$G$33, $Y16, $J$3:$J$33)+SUMIF($K$3:$K$33, $Y16, $N$3:$N$33)+SUMIF($S$3:$S$33, $Y16, $V$3:$V$33)+SUMIF($O$3:$O$33, $Y16, $R$3:$R$33) -> 0 | AA16: =COUNTIF($C$3:$C$33, $Y16) + COUNTIF($G$3:$G$33, $Y16) + COUNTIF($K$3:$K$33, $Y16) + COUNTIF($S$3:$S$33, $Y16)+ COUNTIF($O$3:$O$33, $Y16) -> 0 | AN16: =IF(A16="", 0, WEEKNUM(A16, 2)) -> 7
A17: =IF(A16="","",IF(MONTH(A16+1)<>MONTH($A$3),"",A16+1)) -> 46068 | B17: =IF(A17="","",TEXT(A17, "aaa")) -> 일 | F17: =IF(OR(D17="", E17=""), "", MOD(E17-D17,1)*24 - IF(MOD(E17-D17,1)*24 >= 8, 1, IF(MOD(E17-D17,1)*24 >= 4, 0.5, 0))) | J17: =IF(OR(H17="", I17=""), "", MOD(I17-H17,1)*24 - IF(MOD(I17-H17,1)*24 >= 8, 1, IF(MOD(I17-H17,1)*24 >= 4, 0.5, 0))) | N17: =IF(OR(L17="", M17=""), "", MOD(M17-L17,1)*24 - IF(MOD(M17-L17,1)*24 >= 8, 1, IF(MOD(M17-L17,1)*24 >= 4, 0.5, 0))) | R17: =IF(OR(P17="", Q17=""), "", MOD(Q17-P17,1)*24 - IF(MOD(Q17-P17,1)*24 >= 8, 1, IF(MOD(Q17-P17,1)*24 >= 4, 0.5, 0))) | V17: =IF(OR(T17="", U17=""), "", MOD(U17-T17,1)*24 - IF(MOD(U17-T17,1)*24 >= 8, 1, IF(MOD(U17-T17,1)*24 >= 4, 0.5, 0))) | AN17: =IF(A17="", 0, WEEKNUM(A17, 2)) -> 7
A18: =IF(A17="","",IF(MONTH(A17+1)<>MONTH($A$3),"",A17+1)) -> 46069 | B18: =IF(A18="","",TEXT(A18, "aaa")) -> 월 | F18: =IF(OR(D18="", E18=""), "", MOD(E18-D18,1)*24 - IF(MOD(E18-D18,1)*24 >= 8, 1, IF(MOD(E18-D18,1)*24 >= 4, 0.5, 0))) | J18: =IF(OR(H18="", I18=""), "", MOD(I18-H18,1)*24 - IF(MOD(I18-H18,1)*24 >= 8, 1, IF(MOD(I18-H18,1)*24 >= 4, 0.5, 0))) | N18: =IF(OR(L18="", M18=""), "", MOD(M18-L18,1)*24 - IF(MOD(M18-L18,1)*24 >= 8, 1, IF(MOD(M18-L18,1)*24 >= 4, 0.5, 0))) | R18: =IF(OR(P18="", Q18=""), "", MOD(Q18-P18,1)*24 - IF(MOD(Q18-P18,1)*24 >= 8, 1, IF(MOD(Q18-P18,1)*24 >= 4, 0.5, 0))) | V18: =IF(OR(T18="", U18=""), "", MOD(U18-T18,1)*24 - IF(MOD(U18-T18,1)*24 >= 8, 1, IF(MOD(U18-T18,1)*24 >= 4, 0.5, 0))) | AN18: =IF(A18="", 0, WEEKNUM(A18, 2)) -> 8
A19: =IF(A18="","",IF(MONTH(A18+1)<>MONTH($A$3),"",A18+1)) -> 46070 | B19: =IF(A19="","",TEXT(A19, "aaa")) -> 화 | F19: =IF(OR(D19="", E19=""), "", MOD(E19-D19,1)*24 - IF(MOD(E19-D19,1)*24 >= 8, 1, IF(MOD(E19-D19,1)*24 >= 4, 0.5, 0))) | J19: =IF(OR(H19="", I19=""), "", MOD(I19-H19,1)*24 - IF(MOD(I19-H19,1)*24 >= 8, 1, IF(MOD(I19-H19,1)*24 >= 4, 0.5, 0))) | N19: =IF(OR(L19="", M19=""), "", MOD(M19-L19,1)*24 - IF(MOD(M19-L19,1)*24 >= 8, 1, IF(MOD(M19-L19,1)*24 >= 4, 0.5, 0))) | R19: =IF(OR(P19="", Q19=""), "", MOD(Q19-P19,1)*24 - IF(MOD(Q19-P19,1)*24 >= 8, 1, IF(MOD(Q19-P19,1)*24 >= 4, 0.5, 0))) | V19: =IF(OR(T19="", U19=""), "", MOD(U19-T19,1)*24 - IF(MOD(U19-T19,1)*24 >= 8, 1, IF(MOD(U19-T19,1)*24 >= 4, 0.5, 0))) | AN19: =IF(A19="", 0, WEEKNUM(A19, 2)) -> 8
A20: =IF(A19="","",IF(MONTH(A19+1)<>MONTH($A$3),"",A19+1)) -> 46071 | B20: =IF(A20="","",TEXT(A20, "aaa")) -> 수 | F20: =IF(OR(D20="", E20=""), "", MOD(E20-D20,1)*24 - IF(MOD(E20-D20,1)*24 >= 8, 1, IF(MOD(E20-D20,1)*24 >= 4, 0.5, 0))) | J20: =IF(OR(H20="", I20=""), "", MOD(I20-H20,1)*24 - IF(MOD(I20-H20,1)*24 >= 8, 1, IF(MOD(I20-H20,1)*24 >= 4, 0.5, 0))) | N20: =IF(OR(L20="", M20=""), "", MOD(M20-L20,1)*24 - IF(MOD(M20-L20,1)*24 >= 8, 1, IF(MOD(M20-L20,1)*24 >= 4, 0.5, 0))) | R20: =IF(OR(P20="", Q20=""), "", MOD(Q20-P20,1)*24 - IF(MOD(Q20-P20,1)*24 >= 8, 1, IF(MOD(Q20-P20,1)*24 >= 4, 0.5, 0))) | V20: =IF(OR(T20="", U20=""), "", MOD(U20-T20,1)*24 - IF(MOD(U20-T20,1)*24 >= 8, 1, IF(MOD(U20-T20,1)*24 >= 4, 0.5, 0))) | AN20: =IF(A20="", 0, WEEKNUM(A20, 2)) -> 8
A21: =IF(A20="","",IF(MONTH(A20+1)<>MONTH($A$3),"",A20+1)) -> 46072 | B21: =IF(A21="","",TEXT(A21, "aaa")) -> 목 | F21: =IF(OR(D21="", E21=""), "", MOD(E21-D21,1)*24 - IF(MOD(E21-D21,1)*24 >= 8, 1, IF(MOD(E21-D21,1)*24 >= 4, 0.5, 0))) | J21: =IF(OR(H21="", I21=""), "", MOD(I21-H21,1)*24 - IF(MOD(I21-H21,1)*24 >= 8, 1, IF(MOD(I21-H21,1)*24 >= 4, 0.5, 0))) | N21: =IF(OR(L21="", M21=""), "", MOD(M21-L21,1)*24 - IF(MOD(M21-L21,1)*24 >= 8, 1, IF(MOD(M21-L21,1)*24 >= 4, 0.5, 0))) | R21: =IF(OR(P21="", Q21=""), "", MOD(Q21-P21,1)*24 - IF(MOD(Q21-P21,1)*24 >= 8, 1, IF(MOD(Q21-P21,1)*24 >= 4, 0.5, 0))) | V21: =IF(OR(T21="", U21=""), "", MOD(U21-T21,1)*24 - IF(MOD(U21-T21,1)*24 >= 8, 1, IF(MOD(U21-T21,1)*24 >= 4, 0.5, 0))) | AN21: =IF(A21="", 0, WEEKNUM(A21, 2)) -> 8
A22: =IF(A21="","",IF(MONTH(A21+1)<>MONTH($A$3),"",A21+1)) -> 46073 | B22: =IF(A22="","",TEXT(A22, "aaa")) -> 금 | F22: =IF(OR(D22="", E22=""), "", MOD(E22-D22,1)*24 - IF(MOD(E22-D22,1)*24 >= 8, 1, IF(MOD(E22-D22,1)*24 >= 4, 0.5, 0))) | J22: =IF(OR(H22="", I22=""), "", MOD(I22-H22,1)*24 - IF(MOD(I22-H22,1)*24 >= 8, 1, IF(MOD(I22-H22,1)*24 >= 4, 0.5, 0))) | N22: =IF(OR(L22="", M22=""), "", MOD(M22-L22,1)*24 - IF(MOD(M22-L22,1)*24 >= 8, 1, IF(MOD(M22-L22,1)*24 >= 4, 0.5, 0))) | R22: =IF(OR(P22="", Q22=""), "", MOD(Q22-P22,1)*24 - IF(MOD(Q22-P22,1)*24 >= 8, 1, IF(MOD(Q22-P22,1)*24 >= 4, 0.5, 0))) | V22: =IF(OR(T22="", U22=""), "", MOD(U22-T22,1)*24 - IF(MOD(U22-T22,1)*24 >= 8, 1, IF(MOD(U22-T22,1)*24 >= 4, 0.5, 0))) | AN22: =IF(A22="", 0, WEEKNUM(A22, 2)) -> 8
A23: =IF(A22="","",IF(MONTH(A22+1)<>MONTH($A$3),"",A22+1)) -> 46074 | B23: =IF(A23="","",TEXT(A23, "aaa")) -> 토 | F23: =IF(OR(D23="", E23=""), "", MOD(E23-D23,1)*24 - IF(MOD(E23-D23,1)*24 >= 8, 1, IF(MOD(E23-D23,1)*24 >= 4, 0.5, 0))) | J23: =IF(OR(H23="", I23=""), "", MOD(I23-H23,1)*24 - IF(MOD(I23-H23,1)*24 >= 8, 1, IF(MOD(I23-H23,1)*24 >= 4, 0.5, 0))) | N23: =IF(OR(L23="", M23=""), "", MOD(M23-L23,1)*24 - IF(MOD(M23-L23,1)*24 >= 8, 1, IF(MOD(M23-L23,1)*24 >= 4, 0.5, 0))) | R23: =IF(OR(P23="", Q23=""), "", MOD(Q23-P23,1)*24 - IF(MOD(Q23-P23,1)*24 >= 8, 1, IF(MOD(Q23-P23,1)*24 >= 4, 0.5, 0))) | V23: =IF(OR(T23="", U23=""), "", MOD(U23-T23,1)*24 - IF(MOD(U23-T23,1)*24 >= 8, 1, IF(MOD(U23-T23,1)*24 >= 4, 0.5, 0))) | AN23: =IF(A23="", 0, WEEKNUM(A23, 2)) -> 8
A24: =IF(A23="","",IF(MONTH(A23+1)<>MONTH($A$3),"",A23+1)) -> 46075 | B24: =IF(A24="","",TEXT(A24, "aaa")) -> 일 | F24: =IF(OR(D24="", E24=""), "", MOD(E24-D24,1)*24 - IF(MOD(E24-D24,1)*24 >= 8, 1, IF(MOD(E24-D24,1)*24 >= 4, 0.5, 0))) | J24: =IF(OR(H24="", I24=""), "", MOD(I24-H24,1)*24 - IF(MOD(I24-H24,1)*24 >= 8, 1, IF(MOD(I24-H24,1)*24 >= 4, 0.5, 0))) | N24: =IF(OR(L24="", M24=""), "", MOD(M24-L24,1)*24 - IF(MOD(M24-L24,1)*24 >= 8, 1, IF(MOD(M24-L24,1)*24 >= 4, 0.5, 0))) | R24: =IF(OR(P24="", Q24=""), "", MOD(Q24-P24,1)*24 - IF(MOD(Q24-P24,1)*24 >= 8, 1, IF(MOD(Q24-P24,1)*24 >= 4, 0.5, 0))) | V24: =IF(OR(T24="", U24=""), "", MOD(U24-T24,1)*24 - IF(MOD(U24-T24,1)*24 >= 8, 1, IF(MOD(U24-T24,1)*24 >= 4, 0.5, 0))) | AN24: =IF(A24="", 0, WEEKNUM(A24, 2)) -> 8
A25: =IF(A24="","",IF(MONTH(A24+1)<>MONTH($A$3),"",A24+1)) -> 46076 | B25: =IF(A25="","",TEXT(A25, "aaa")) -> 월 | F25: =IF(OR(D25="", E25=""), "", MOD(E25-D25,1)*24 - IF(MOD(E25-D25,1)*24 >= 8, 1, IF(MOD(E25-D25,1)*24 >= 4, 0.5, 0))) | J25: =IF(OR(H25="", I25=""), "", MOD(I25-H25,1)*24 - IF(MOD(I25-H25,1)*24 >= 8, 1, IF(MOD(I25-H25,1)*24 >= 4, 0.5, 0))) | N25: =IF(OR(L25="", M25=""), "", MOD(M25-L25,1)*24 - IF(MOD(M25-L25,1)*24 >= 8, 1, IF(MOD(M25-L25,1)*24 >= 4, 0.5, 0))) | R25: =IF(OR(P25="", Q25=""), "", MOD(Q25-P25,1)*24 - IF(MOD(Q25-P25,1)*24 >= 8, 1, IF(MOD(Q25-P25,1)*24 >= 4, 0.5, 0))) | V25: =IF(OR(T25="", U25=""), "", MOD(U25-T25,1)*24 - IF(MOD(U25-T25,1)*24 >= 8, 1, IF(MOD(U25-T25,1)*24 >= 4, 0.5, 0))) | AN25: =IF(A25="", 0, WEEKNUM(A25, 2)) -> 9
A26: =IF(A25="","",IF(MONTH(A25+1)<>MONTH($A$3),"",A25+1)) -> 46077 | B26: =IF(A26="","",TEXT(A26, "aaa")) -> 화 | F26: =IF(OR(D26="", E26=""), "", MOD(E26-D26,1)*24 - IF(MOD(E26-D26,1)*24 >= 8, 1, IF(MOD(E26-D26,1)*24 >= 4, 0.5, 0))) | J26: =IF(OR(H26="", I26=""), "", MOD(I26-H26,1)*24 - IF(MOD(I26-H26,1)*24 >= 8, 1, IF(MOD(I26-H26,1)*24 >= 4, 0.5, 0))) | N26: =IF(OR(L26="", M26=""), "", MOD(M26-L26,1)*24 - IF(MOD(M26-L26,1)*24 >= 8, 1, IF(MOD(M26-L26,1)*24 >= 4, 0.5, 0))) | R26: =IF(OR(P26="", Q26=""), "", MOD(Q26-P26,1)*24 - IF(MOD(Q26-P26,1)*24 >= 8, 1, IF(MOD(Q26-P26,1)*24 >= 4, 0.5, 0))) | V26: =IF(OR(T26="", U26=""), "", MOD(U26-T26,1)*24 - IF(MOD(U26-T26,1)*24 >= 8, 1, IF(MOD(U26-T26,1)*24 >= 4, 0.5, 0))) | AN26: =IF(A26="", 0, WEEKNUM(A26, 2)) -> 9
A27: =IF(A26="","",IF(MONTH(A26+1)<>MONTH($A$3),"",A26+1)) -> 46078 | B27: =IF(A27="","",TEXT(A27, "aaa")) -> 수 | F27: =IF(OR(D27="", E27=""), "", MOD(E27-D27,1)*24 - IF(MOD(E27-D27,1)*24 >= 8, 1, IF(MOD(E27-D27,1)*24 >= 4, 0.5, 0))) | J27: =IF(OR(H27="", I27=""), "", MOD(I27-H27,1)*24 - IF(MOD(I27-H27,1)*24 >= 8, 1, IF(MOD(I27-H27,1)*24 >= 4, 0.5, 0))) | N27: =IF(OR(L27="", M27=""), "", MOD(M27-L27,1)*24 - IF(MOD(M27-L27,1)*24 >= 8, 1, IF(MOD(M27-L27,1)*24 >= 4, 0.5, 0))) | R27: =IF(OR(P27="", Q27=""), "", MOD(Q27-P27,1)*24 - IF(MOD(Q27-P27,1)*24 >= 8, 1, IF(MOD(Q27-P27,1)*24 >= 4, 0.5, 0))) | V27: =IF(OR(T27="", U27=""), "", MOD(U27-T27,1)*24 - IF(MOD(U27-T27,1)*24 >= 8, 1, IF(MOD(U27-T27,1)*24 >= 4, 0.5, 0))) | AN27: =IF(A27="", 0, WEEKNUM(A27, 2)) -> 9
A28: =IF(A27="","",IF(MONTH(A27+1)<>MONTH($A$3),"",A27+1)) -> 46079 | B28: =IF(A28="","",TEXT(A28, "aaa")) -> 목 | F28: =IF(OR(D28="", E28=""), "", MOD(E28-D28,1)*24 - IF(MOD(E28-D28,1)*24 >= 8, 1, IF(MOD(E28-D28,1)*24 >= 4, 0.5, 0))) | J28: =IF(OR(H28="", I28=""), "", MOD(I28-H28,1)*24 - IF(MOD(I28-H28,1)*24 >= 8, 1, IF(MOD(I28-H28,1)*24 >= 4, 0.5, 0))) | N28: =IF(OR(L28="", M28=""), "", MOD(M28-L28,1)*24 - IF(MOD(M28-L28,1)*24 >= 8, 1, IF(MOD(M28-L28,1)*24 >= 4, 0.5, 0))) | R28: =IF(OR(P28="", Q28=""), "", MOD(Q28-P28,1)*24 - IF(MOD(Q28-P28,1)*24 >= 8, 1, IF(MOD(Q28-P28,1)*24 >= 4, 0.5, 0))) | V28: =IF(OR(T28="", U28=""), "", MOD(U28-T28,1)*24 - IF(MOD(U28-T28,1)*24 >= 8, 1, IF(MOD(U28-T28,1)*24 >= 4, 0.5, 0))) | AN28: =IF(A28="", 0, WEEKNUM(A28, 2)) -> 9
... A33: =IF(A32="","",IF(MONTH(A32+1)<>MONTH($A$3),"",A32+1)) | B33: =IF(A33="","",TEXT(A33, "aaa")) | F33: =IF(OR(D33="", E33=""), "", MOD(E33-D33,1)*24 - IF(MOD(E33-D33,1)*24 >= 8, 1, IF(MOD(E33-D33,1)*24 >= 4, 0.5, 0))) | J33: =IF(OR(H33="", I33=""), "", MOD(I33-H33,1)*24 - IF(MOD(I33-H33,1)*24 >= 8, 1, IF(MOD(I33-H33,1)*24 >= 4, 0.5, 0))) | N33: =IF(OR(L33="", M33=""), "", MOD(M33-L33,1)*24 - IF(MOD(M33-L33,1)*24 >= 8, 1, IF(MOD(M33-L33,1)*24 >= 4, 0.5, 0))) | R33: =IF(OR(P33="", Q33=""), "", MOD(Q33-P33,1)*24 - IF(MOD(Q33-P33,1)*24 >= 8, 1, IF(MOD(Q33-P33,1)*24 >= 4, 0.5, 0))) | V33: =IF(OR(T33="", U33=""), "", MOD(U33-T33,1)*24 - IF(MOD(U33-T33,1)*24 >= 8, 1, IF(MOD(U33-T33,1)*24 >= 4, 0.5, 0))) | AN33: =IF(A33="", 0, WEEKNUM(A33, 2)) -> 0

Sheet 근무표(개인별종합)
A1: ='근무표(입력)'!Y3 -> 김도윤 | E1: ='근무표(입력)'!Y4 -> 김지수 | I1: ='근무표(입력)'!Y5 -> 김현호 | M1: ='근무표(입력)'!Y6 -> 송채민 | Q1: ='근무표(입력)'!Y7 -> 이예은 | U1: ='근무표(입력)'!Y8 -> 정가은 | Y1: ='근무표(입력)'!Y9 -> 황승연
A3: ='근무표(입력)'!A3 -> 46054 | B3: =TEXT(A3, "aaa") -> 일 | C3: =SUMIFS('근무표(입력)'!$F$3:$F$33, '근무표(입력)'!$C$3:$C$33, $A$1, '근무표(입력)'!$A$3:$A$33, $A3) + SUMIFS('근무표(입력)'!$J$3:$J$33, '근무표(입력)'!$G$3:$G$33, $A$1, '근무표(입력)'!$A$3:$A$33, $A3) + SUMIFS('근무표(입력)'!$N$3:$N$33, '근무표(입력)'!$K$3:$K$33, $A$1, '근무표(입력)'!$A$3:$A$33, $A3) + SUMIFS('근무표(입력)'!$R$3:$R$33, '근무표(입력)'!$O$3:$O$33, $A$1, '근무표(입력)'!$A$3:$A$33, $A3) -> 0 | E3: =A3 -> 46054 | F3: =TEXT(E3, "aaa") -> 일 | G3: =SUMIFS('근무표(입력)'!$F$3:$F$33, '근무표(입력)'!$C$3:$C$33, $E$1, '근무표(입력)'!$A$3:$A$33, $A3) + SUMIFS('근무표(입력)'!$J$3:$J$33, '근무표(입력)'!$G$3:$G$33, $E$1, '근무표(입력)'!$A$3:$A$33, $A3) + SUMIFS('근무표(입력)'!$N$3:$N$33, '근무표(입력)'!$K$3:$K$33, $E$1, '근무표(입력)'!$A$3:$A$33, $A3) + SUMIFS('근무표(입력)'!$R$3:$R$33, '근무표(입력)'!$O$3:$O$33, $E$1, '근무표(입력)'!$A$3:$A$33, $A3) -> 0 | I3: =A3 -> 46054 | J3: =TEXT(I3, "aaa") -> 일 | K3: =SUMIFS('근무표(입력)'!$F$3:$F$33, '근무표(입력)'!$C$3:$C$33, $I$1, '근무표(입력)'!$A$3:$A$33, $A3) + SUMIFS('근무표(입력)'!$J$3:$J$33, '근무표(입력)'!$G$3:$G$33, $I$1, '근무표(입력)'!$A$3:$A$33, $A3) + SUMIFS('근무표(입력)'!$N$3:$N$33, '근무표(입력)'!$K$3:$K$33, $I$1, '근무표(입력)'!$A$3:$A$33, $A3) + SUMIFS('근무표(입력)'!$R$3:$R$33, '근무표(입력)'!$O$3:$O$33, $I$1, '근무표(입력)'!$A$3:$A$33, $A3) -> 0 | M3: =A3 -> 46054 | N3: =TEXT(M3, "aaa") -> 일 | O3: =SUMIFS('근무표(입력)'!$F$3:$F$33, '근무표(입력)'!$C$3:$C$33, $M$1, '근무표(입력)'!$A$3:$A$33, $A3) + SUMIFS('근무표(입력)'!$J$3:$J$33, '근무표(입력)'!$G$3:$G$33, $M$1, '근무표(입력)'!$A$3:$A$33, $A3) + SUMIFS('근무표(입력)'!$N$3:$N$33, '근무표(입력)'!$K$3:$K$33, $M$1, '근무표(입력)'!$A$3:$A$33, $A3) + SUMIFS('근무표(입력)'!$R$3:$R$33, '근무표(입력)'!$O$3:$O$33, $M$1, '근무표(입력)'!$A$3:$A$33, $A3) -> 0 | Q3: =A3 -> 46054 | R3: =TEXT(Q3, "aaa") -> 일 | S3: =SUMIFS('근무표(입력)'!$F$3:$F$33, '근무표(입력)'!$C$3:$C$33, $Q$1, '근무표(입력)'!$A$3:$A$33, $A3) + SUMIFS('근무표(입력)'!$J$3:$J$33, '근무표(입력)'!$G$3:$G$33, $Q$1, '근무표(입력)'!$A$3:$A$33, $A3) + SUMIFS('근무표(입력)'!$N$3:$N$33, '근무표(입력)'!$K$3:$K$33, $Q$1, '근무표(입력)'!$A$3:$A$33, $A3) + SUMIFS('근무표(입력)'!$R$3:$R$33, '근무표(입력)'!$O$3:$O$33, $Q$1, '근무표(입력)'!$A$3:$A$33, $A3) -> 0 | U3: =A3 -> 46054 | V3: =TEXT(U3, "aaa") -> 일 | W3: =SUMIFS('근무표(입력)'!$F$3:$F$33, '근무표(입력)'!$C$3:$C$33, $U$1, '근무표(입력)'!$A$3:$A$33, $A3) + SUMIFS('근무표(입력)'!$J$3:$J$33, '근무표(입력)'!$G$3:$G$33, $U$1, '근무표(입력)'!$A$3:$A$33, $A3) + SUMIFS('근무표(입력)'!$N$3:$N$33, '근무표(입력)'!$K$3:$K$33, $U$1, '근무표(입력)'!$A$3:$A$33, $A3) + SUMIFS('근무표(입력)'!$R$3:$R$33, '근무표(입력)'!$O$3:$O$33, $U$1, '근무표(입력)'!$A$3:$A$33, $A3) -> 0 | Y3: =A3 -> 46054 | Z3: =TEXT(Y3, "aaa") -> 일 | AA3: =SUMIFS('근무표(입력)'!$F$3:$F$33, '근무표(입력)'!$C$3:$C$33, $Y$1, '근무표(입력)'!$A$3:$A$33, $A3) + SUMIFS('근무표(입력)'!$J$3:$J$33, '근무표(입력)'!$G$3:$G$33, $Y$1, '근무표(입력)'!$A$3:$A$33, $A3) + SUMIFS('근무표(입력)'!$N$3:$N$33, '근무표(입력)'!$K$3:$K$33, $Y$1, '근무표(입력)'!$A$3:$A$33, $A3) + SUMIFS('근무표(입력)'!$R$3:$R$33, '근무표(입력)'!$O$3:$O$33, $Y$1, '근무표(입력)'!$A$3:$A$33, $A3) -> 0
A4: =IF(A3="","",IF(MONTH(A3+1)<>MONTH($A$3),"",A3+1)) -> 46055 | B4: =IF(A4="","",TEXT(A4, "aaa")) -> 월 | C4: =SUMIFS('근무표(입력)'!$F$3:$F$33, '근무표(입력)'!$C$3:$C$33, $A$1, '근무표(입력)'!$A$3:$A$33, $A4) + SUMIFS('근무표(입력)'!$J$3:$J$33, '근무표(입력)'!$G$3:$G$33, $A$1, '근무표(입력)'!$A$3:$A$33, $A4) + SUMIFS('근무표(입력)'!$N$3:$N$33, '근무표(입력)'!$K$3:$K$33, $A$1, '근무표(입력)'!$A$3:$A$33, $A4) + SUMIFS('근무표(입력)'!$R$3:$R$33, '근무표(입력)'!$O$3:$O$33, $A$1, '근무표(입력)'!$A$3:$A$33, $A4) -> 0 | E4: =IF(E3="","",IF(MONTH(E3+1)<>MONTH($A$3),"",E3+1)) -> 46055 | F4: =IF(E4="","",TEXT(E4, "aaa")) -> 월 | G4: =SUMIFS('근무표(입력)'!$F$3:$F$33, '근무표(입력)'!$C$3:$C$33, $E$1, '근무표(입력)'!$A$3:$A$33, $A4) + SUMIFS('근무표(입력)'!$J$3:$J$33, '근무표(입력)'!$G$3:$G$33, $E$1, '근무표(입력)'!$A$3:$A$33, $A4) + SUMIFS('근무표(입력)'!$N$3:$N$33, '근무표(입력)'!$K$3:$K$33, $E$1, '근무표(입력)'!$A$3:$A$33, $A4) + SUMIFS('근무표(입력)'!$R$3:$R$33, '근무표(입력)'!$O$3:$O$33, $E$1, '근무표(입력)'!$A$3:$A$33, $A4) -> 0 | I4: =IF(I3="","",IF(MONTH(I3+1)<>MONTH($A$3),"",I3+1)) -> 46055 | J4: =IF(I4="","",TEXT(I4, "aaa")) -> 월 | K4: =SUMIFS('근무표(입력)'!$F$3:$F$33, '근무표(입력)'!$C$3:$C$33, $I$1, '근무표(입력)'!$A$3:$A$33, $A4) + SUMIFS('근무표(입력)'!$J$3:$J$33, '근무표(입력)'!$G$3:$G$33, $I$1, '근무표(입력)'!$A$3:$A$33, $A4) + SUMIFS('근무표(입력)'!$N$3:$N$33, '근무표(입력)'!$K$3:$K$33, $I$1, '근무표(입력)'!$A$3:$A$33, $A4) + SUMIFS('근무표(입력)'!$R$3:$R$33, '근무표(입력)'!$O$3:$O$33, $I$1, '근무표(입력)'!$A$3:$A$33, $A4) -> 0 | M4: =IF(M3="","",IF(MONTH(M3+1)<>MONTH($A$3),"",M3+1)) -> 46055 | N4: =IF(M4="","",TEXT(M4, "aaa")) -> 월 | O4: =SUMIFS('근무표(입력)'!$F$3:$F$33, '근무표(입력)'!$C$3:$C$33, $M$1, '근무표(입력)'!$A$3:$A$33, $A4) + SUMIFS('근무표(입력)'!$J$3:$J$33, '근무표(입력)'!$G$3:$G$33, $M$1, '근무표(입력)'!$A$3:$A$33, $A4) + SUMIFS('근무표(입력)'!$N$3:$N$33, '근무표(입력)'!$K$3:$K$33, $M$1, '근무표(입력)'!$A$3:$A$33, $A4) + SUMIFS('근무표(입력)'!$R$3:$R$33, '근무표(입력)'!$O$3:$O$33, $M$1, '근무표(입력)'!$A$3:$A$33, $A4) -> 0 | Q4: =IF(Q3="","",IF(MONTH(Q3+1)<>MONTH($A$3),"",Q3+1)) -> 46055 | R4: =IF(Q4="","",TEXT(Q4, "aaa")) -> 월 | S4: =SUMIFS('근무표(입력)'!$F$3:$F$33, '근무표(입력)'!$C$3:$C$33, $Q$1, '근무표(입력)'!$A$3:$A$33, $A4) + SUMIFS('근무표(입력)'!$J$3:$J$33, '근무표(입력)'!$G$3:$G$33, $Q$1, '근무표(입력)'!$A$3:$A$33, $A4) + SUMIFS('근무표(입력)'!$N$3:$N$33, '근무표(입력)'!$K$3:$K$33, $Q$1, '근무표(입력)'!$A$3:$A$33, $A4) + SUMIFS('근무표(입력)'!$R$3:$R$33, '근무표(입력)'!$O$3:$O$33, $Q$1, '근무표(입력)'!$A$3:$A$33, $A4) -> 0 | U4: =IF(U3="","",IF(MONTH(U3+1)<>MONTH($A$3),"",U3+1)) -> 46055 | V4: =IF(U4="","",TEXT(U4, "aaa")) -> 월 | W4: =SUMIFS('근무표(입력)'!$F$3:$F$33, '근무표(입력)'!$C$3:$C$33, $U$1, '근무표(입력)'!$A$3:$A$33, $A4) + SUMIFS('근무표(입력)'!$J$3:$J$33, '근무표(입력)'!$G$3:$G$33, $U$1, '근무표(입력)'!$A$3:$A$33, $A4) + SUMIFS('근무표(입력)'!$N$3:$N$33, '근무표(입력)'!$K$3:$K$33, $U$1, '근무표(입력)'!$A$3:$A$33, $A4) + SUMIFS('근무표(입력)'!$R$3:$R$33, '근무표(입력)'!$O$3:$O$33, $U$1, '근무표(입력)'!$A$3:$A$33, $A4) -> 0 | Y4: =IF(Y3="","",IF(MONTH(Y3+1)<>MONTH($A$3),"",Y3+1)) -> 46055 | Z4: =IF(Y4="","",TEXT(Y4, "aaa")) -> 월 | AA4: =SUMIFS('근무표(입력)'!$F$3:$F$33, '근무표(입력)'!$C$3:$C$33, $Y$1, '근무표(입력)'!$A$3:$A$33, $A4) + SUMIFS('근무표(입력)'!$J$3:$J$33, '근무표(입력)'!$G$3:$G$33, $Y$1, '근무표(입력)'!$A$3:$A$33, $A4) + SUMIFS('근무표(입력)'!$N$3:$N$33, '근무표(입력)'!$K$3:$K$33, $Y$1, '근무표(입력)'!$A$3:$A$33, $A4) + SUMIFS('근무표(입력)'!$R$3:$R$33, '근무표(입력)'!$O$3:$O$33, $Y$1, '근무표(입력)'!$A$3:$A$33, $A4) -> 0
A5: =IF(A4="","",IF(MONTH(A4+1)<>MONTH($A$3),"",A4+1)) -> 46056 | B5: =IF(A5="","",TEXT(A5, "aaa")) -> 화 | C5: =SUMIFS('근무표(입력)'!$F$3:$F$33, '근무표(입력)'!$C$3:$C$33, $A$1, '근무표(입력)'!$A$3:$A$33, $A5) + SUMIFS('근무표(입력)'!$J$3:$J$33, '근무표(입력)'!$G$3:$G$33, $A$1, '근무표(입력)'!$A$3:$A$33, $A5) + SUMIFS('근무표(입력)'!$N$3:$N$33, '근무표(입력)'!$K$3:$K$33, $A$1, '근무표(입력)'!$A$3:$A$33, $A5) + SUMIFS('근무표(입력)'!$R$3:$R$33, '근무표(입력)'!$O$3:$O$33, $A$1, '근무표(입력)'!$A$3:$A$33, $A5) -> 0 | E5: =IF(E4="","",IF(MONTH(E4+1)<>MONTH($A$3),"",E4+1)) -> 46056 | F5: =IF(E5="","",TEXT(E5, "aaa")) -> 화 | G5: =SUMIFS('근무표(입력)'!$F$3:$F$33, '근무표(입력)'!$C$3:$C$33, $E$1, '근무표(입력)'!$A$3:$A$33, $A5) + SUMIFS('근무표(입력)'!$J$3:$J$33, '근무표(입력)'!$G$3:$G$33, $E$1, '근무표(입력)'!$A$3:$A$33, $A5) + SUMIFS('근무표(입력)'!$N$3:$N$33, '근무표(입력)'!$K$3:$K$33, $E$1, '근무표(입력)'!$A$3:$A$33, $A5) + SUMIFS('근무표(입력)'!$R$3:$R$33, '근무표(입력)'!$O$3:$O$33, $E$1, '근무표(입력)'!$A$3:$A$33, $A5) -> 0 | I5: =IF(I4="","",IF(MONTH(I4+1)<>MONTH($A$3),"",I4+1)) -> 46056 | J5: =IF(I5="","",TEXT(I5, "aaa")) -> 화 | K5: =SUMIFS('근무표(입력)'!$F$3:$F$33, '근무표(입력)'!$C$3:$C$33, $I$1, '근무표(입력)'!$A$3:$A$33, $A5) + SUMIFS('근무표(입력)'!$J$3:$J$33, '근무표(입력)'!$G$3:$G$33, $I$1, '근무표(입력)'!$A$3:$A$33, $A5) + SUMIFS('근무표(입력)'!$N$3:$N$33, '근무표(입력)'!$K$3:$K$33, $I$1, '근무표(입력)'!$A$3:$A$33, $A5) + SUMIFS('근무표(입력)'!$R$3:$R$33, '근무표(입력)'!$O$3:$O$33, $I$1, '근무표(입력)'!$A$3:$A$33, $A5) -> 0 | M5: =IF(M4="","",IF(MONTH(M4+1)<>MONTH($A$3),"",M4+1)) -> 46056 | N5: =IF(M5="","",TEXT(M5, "aaa")) -> 화 | O5: =SUMIFS('근무표(입력)'!$F$3:$F$33, '근무표(입력)'!$C$3:$C$33, $M$1, '근무표(입력)'!$A$3:$A$33, $A5) + SUMIFS('근무표(입력)'!$J$3:$J$33, '근무표(입력)'!$G$3:$G$33, $M$1, '근무표(입력)'!$A$3:$A$33, $A5) + SUMIFS('근무표(입력)'!$N$3:$N$33, '근무표(입력)'!$K$3:$K$33, $M$1, '근무표(입력)'!$A$3:$A$33, $A5) + SUMIFS('근무표(입력)'!$R$3:$R$33, '근무표(입력)'!$O$3:$O$33, $M$1, '근무표(입력)'!$A$3:$A$33, $A5) -> 0 | Q5: =IF(Q4="","",IF(MONTH(Q4+1)<>MONTH($A$3),"",Q4+1)) -> 46056 | R5: =IF(Q5="","",TEXT(Q5, "aaa")) -> 화 | S5: =SUMIFS('근무표(입력)'!$F$3:$F$33, '근무표(입력)'!$C$3:$C$33, $Q$1, '근무표(입력)'!$A$3:$A$33, $A5) + SUMIFS('근무표(입력)'!$J$3:$J$33, '근무표(입력)'!$G$3:$G$33, $Q$1, '근무표(입력)'!$A$3:$A$33, $A5) + SUMIFS('근무표(입력)'!$N$3:$N$33, '근무표(입력)'!$K$3:$K$33, $Q$1, '근무표(입력)'!$A$3:$A$33, $A5) + SUMIFS('근무표(입력)'!$R$3:$R$33, '근무표(입력)'!$O$3:$O$33, $Q$1, '근무표(입력)'!$A$3:$A$33, $A5) -> 0 | U5: =IF(U4="","",IF(MONTH(U4+1)<>MONTH($A$3),"",U4+1)) -> 46056 | V5: =IF(U5="","",TEXT(U5, "aaa")) -> 화 | W5: =SUMIFS('근무표(입력)'!$F$3:$F$33, '근무표(입력)'!$C$3:$C$33, $U$1, '근무표(입력)'!$A$3:$A$33, $A5) + SUMIFS('근무표(입력)'!$J$3:$J$33, '근무표(입력)'!$G$3:$G$33, $U$1, '근무표(입력)'!$A$3:$A$33, $A5) + SUMIFS('근무표(입력)'!$N$3:$N$33, '근무표(입력)'!$K$3:$K$33, $U$1, '근무표(입력)'!$A$3:$A$33, $A5) + SUMIFS('근무표(입력)'!$R$3:$R$33, '근무표(입력)'!$O$3:$O$33, $U$1, '근무표(입력)'!$A$3:$A$33, $A5) -> 0 | Y5: =IF(Y4="","",IF(MONTH(Y4+1)<>MONTH($A$3),"",Y4+1)) -> 46056 | Z5: =IF(Y5="","",TEXT(Y5, "aaa")) -> 화 | AA5: =SUMIFS('근무표(입력)'!$F$3:$F$33, '근무표(입력)'!$C$3:$C$33, $Y$1, '근무표(입력)'!$A$3:$A$33, $A5) + SUMIFS('근무표(입력)'!$J$3:$J$33, '근무표(입력)'!$G$3:$G$33, $Y$1, '근무표(입력)'!$A$3:$A$33, $A5) + SUMIFS('근무표(입력)'!$N$3:$N$33, '근무표(입력)'!$K$3:$K$33, $Y$1, '근무표(입력)'!$A$3:$A$33, $A5) + SUMIFS('근무표(입력)'!$R$3:$R$33, '근무표(입력)'!$O$3:$O$33, $Y$1, '근무표(입력)'!$A$3:$A$33, $A5) -> 0
A6: =IF(A5="","",IF(MONTH(A5+1)<>MONTH($A$3),"",A5+1)) -> 46057 | B6: =IF(A6="","",TEXT(A6, "aaa")) -> 수 | C6: =SUMIFS('근무표(입력)'!$F$3:$F$33, '근무표(입력)'!$C$3:$C$33, $A$1, '근무표(입력)'!$A$3:$A$33, $A6) + SUMIFS('근무표(입력)'!$J$3:$J$33, '근무표(입력)'!$G$3:$G$33, $A$1, '근무표(입력)'!$A$3:$A$33, $A6) + SUMIFS('근무표(입력)'!$N$3:$N$33, '근무표(입력)'!$K$3:$K$33, $A$1, '근무표(입력)'!$A$3:$A$33, $A6) + SUMIFS('근무표(입력)'!$R$3:$R$33, '근무표(입력)'!$O$3:$O$33, $A$1, '근무표(입력)'!$A$3:$A$33, $A6) -> 0 | E6: =IF(E5="","",IF(MONTH(E5+1)<>MONTH($A$3),"",E5+1)) -> 46057 | F6: =IF(E6="","",TEXT(E6, "aaa")) -> 수 | G6: =SUMIFS('근무표(입력)'!$F$3:$F$33, '근무표(입력)'!$C$3:$C$33, $E$1, '근무표(입력)'!$A$3:$A$33, $A6) + SUMIFS('근무표(입력)'!$J$3:$J$33, '근무표(입력)'!$G$3:$G$33, $E$1, '근무표(입력)'!$A$3:$A$33, $A6) + SUMIFS('근무표(입력)'!$N$3:$N$33, '근무표(입력)'!$K$3:$K$33, $E$1, '근무표(입력)'!$A$3:$A$33, $A6) + SUMIFS('근무표(입력)'!$R$3:$R$33, '근무표(입력)'!$O$3:$O$33, $E$1, '근무표(입력)'!$A$3:$A$33, $A6) -> 0 | I6: =IF(I5="","",IF(MONTH(I5+1)<>MONTH($A$3),"",I5+1)) -> 46057 | J6: =IF(I6="","",TEXT(I6, "aaa")) -> 수 | K6: =SUMIFS('근무표(입력)'!$F$3:$F$33, '근무표(입력)'!$C$3:$C$33, $I$1, '근무표(입력)'!$A$3:$A$33, $A6) + SUMIFS('근무표(입력)'!$J$3:$J$33, '근무표(입력)'!$G$3:$G$33, $I$1, '근무표(입력)'!$A$3:$A$33, $A6) + SUMIFS('근무표(입력)'!$N$3:$N$33, '근무표(입력)'!$K$3:$K$33, $I$1, '근무표(입력)'!$A$3:$A$33, $A6) + SUMIFS('근무표(입력)'!$R$3:$R$33, '근무표(입력)'!$O$3:$O$33, $I$1, '근무표(입력)'!$A$3:$A$33, $A6) -> 0 | M6: =IF(M5="","",IF(MONTH(M5+1)<>MONTH($A$3),"",M5+1)) -> 46057 | N6: =IF(M6="","",TEXT(M6, "aaa")) -> 수 | O6: =SUMIFS('근무표(입력)'!$F$3:$F$33, '근무표(입력)'!$C$3:$C$33, $M$1, '근무표(입력)'!$A$3:$A$33, $A6) + SUMIFS('근무표(입력)'!$J$3:$J$33, '근무표(입력)'!$G$3:$G$33, $M$1, '근무표(입력)'!$A$3:$A$33, $A6) + SUMIFS('근무표(입력)'!$N$3:$N$33, '근무표(입력)'!$K$3:$K$33, $M$1, '근무표(입력)'!$A$3:$A$33, $A6) + SUMIFS('근무표(입력)'!$R$3:$R$33, '근무표(입력)'!$O$3:$O$33, $M$1, '근무표(입력)'!$A$3:$A$33, $A6) -> 0 | Q6: =IF(Q5="","",IF(MONTH(Q5+1)<>MONTH($A$3),"",Q5+1)) -> 46057 | R6: =IF(Q6="","",TEXT(Q6, "aaa")) -> 수 | S6: =SUMIFS('근무표(입력)'!$F$3:$F$33, '근무표(입력)'!$C$3:$C$33, $Q$1, '근무표(입력)'!$A$3:$A$33, $A6) + SUMIFS('근무표(입력)'!$J$3:$J$33, '근무표(입력)'!$G$3:$G$33, $Q$1, '근무표(입력)'!$A$3:$A$33, $A6) + SUMIFS('근무표(입력)'!$N$3:$N$33, '근무표(입력)'!$K$3:$K$33, $Q$1, '근무표(입력)'!$A$3:$A$33, $A6) + SUMIFS('근무표(입력)'!$R$3:$R$33, '근무표(입력)'!$O$3:$O$33, $Q$1, '근무표(입력)'!$A$3:$A$33, $A6) -> 0 | U6: =IF(U5="","",IF(MONTH(U5+1)<>MONTH($A$3),"",U5+1)) -> 46057 | V6: =IF(U6="","",TEXT(U6, "aaa")) -> 수 | W6: =SUMIFS('근무표(입력)'!$F$3:$F$33, '근무표(입력)'!$C$3:$C$33, $U$1, '근무표(입력)'!$A$3:$A$33, $A6) + SUMIFS('근무표(입력)'!$J$3:$J$33, '근무표(입력)'!$G$3:$G$33, $U$1, '근무표(입력)'!$A$3:$A$33, $A6) + SUMIFS('근무표(입력)'!$N$3:$N$33, '근무표(입력)'!$K$3:$K$33, $U$1, '근무표(입력)'!$A$3:$A$33, $A6) + SUMIFS('근무표(입력)'!$R$3:$R$33, '근무표(입력)'!$O$3:$O$33, $U$1, '근무표(입력)'!$A$3:$A$33, $A6) -> 0 | Y6: =IF(Y5="","",IF(MONTH(Y5+1)<>MONTH($A$3),"",Y5+1)) -> 46057 | Z6: =IF(Y6="","",TEXT(Y6, "aaa")) -> 수 | AA6: =SUMIFS('근무표(입력)'!$F$3:$F$33, '근무표(입력)'!$C$3:$C$33, $Y$1, '근무표(입력)'!$A$3:$A$33, $A6) + SUMIFS('근무표(입력)'!$J$3:$J$33, '근무표(입력)'!$G$3:$G$33, $Y$1, '근무표(입력)'!$A$3:$A$33, $A6) + SUMIFS('근무표(입력)'!$N$3:$N$33, '근무표(입력)'!$K$3:$K$33, $Y$1, '근무표(입력)'!$A$3:$A$33, $A6) + SUMIFS('근무표(입력)'!$R$3:$R$33, '근무표(입력)'!$O$3:$O$33, $Y$1, '근무표(입력)'!$A$3:$A$33, $A6) -> 0
A7: =IF(A6="","",IF(MONTH(A6+1)<>MONTH($A$3),"",A6+1)) -> 46058 | B7: =IF(A7="","",TEXT(A7, "aaa")) -> 목 | C7: =SUMIFS('근무표(입력)'!$F$3:$F$33, '근무표(입력)'!$C$3:$C$33, $A$1, '근무표(입력)'!$A$3:$A$33, $A7) + SUMIFS('근무표(입력)'!$J$3:$J$33, '근무표(입력)'!$G$3:$G$33, $A$1, '근무표(입력)'!$A$3:$A$33, $A7) + SUMIFS('근무표(입력)'!$N$3:$N$33, '근무표(입력)'!$K$3:$K$33, $A$1, '근무표(입력)'!$A$3:$A$33, $A7) + SUMIFS('근무표(입력)'!$R$3:$R$33, '근무표(입력)'!$O$3:$O$33, $A$1, '근무표(입력)'!$A$3:$A$33, $A7) -> 0 | E7: =IF(E6="","",IF(MONTH(E6+1)<>MONTH($A$3),"",E6+1)) -> 46058 | F7: =IF(E7="","",TEXT(E7, "aaa")) -> 목 | G7: =SUMIFS('근무표(입력)'!$F$3:$F$33, '근무표(입력)'!$C$3:$C$33, $E$1, '근무표(입력)'!$A$3:$A$33, $A7) + SUMIFS('근무표(입력)'!$J$3:$J$33, '근무표(입력)'!$G$3:$G$33, $E$1, '근무표(입력)'!$A$3:$A$33, $A7) + SUMIFS('근무표(입력)'!$N$3:$N$33, '근무표(입력)'!$K$3:$K$33, $E$1, '근무표(입력)'!$A$3:$A$33, $A7) + SUMIFS('근무표(입력)'!$R$3:$R$33, '근무표(입력)'!$O$3:$O$33, $E$1, '근무표(입력)'!$A$3:$A$33, $A7) -> 0 | I7: =IF(I6="","",IF(MONTH(I6+1)<>MONTH($A$3),"",I6+1)) -> 46058 | J7: =IF(I7="","",TEXT(I7, "aaa")) -> 목 | K7: =SUMIFS('근무표(입력)'!$F$3:$F$33, '근무표(입력)'!$C$3:$C$33, $I$1, '근무표(입력)'!$A$3:$A$33, $A7) + SUMIFS('근무표(입력)'!$J$3:$J$33, '근무표(입력)'!$G$3:$G$33, $I$1, '근무표(입력)'!$A$3:$A$33, $A7) + SUMIFS('근무표(입력)'!$N$3:$N$33, '근무표(입력)'!$K$3:$K$33, $I$1, '근무표(입력)'!$A$3:$A$33, $A7) + SUMIFS('근무표(입력)'!$R$3:$R$33, '근무표(입력)'!$O$3:$O$33, $I$1, '근무표(입력)'!$A$3:$A$33, $A7) -> 0 | M7: =IF(M6="","",IF(MONTH(M6+1)<>MONTH($A$3),"",M6+1)) -> 46058 | N7: =IF(M7="","",TEXT(M7, "aaa")) -> 목 | O7: =SUMIFS('근무표(입력)'!$F$3:$F$33, '근무표(입력)'!$C$3:$C$33, $M$1, '근무표(입력)'!$A$3:$A$33, $A7) + SUMIFS('근무표(입력)'!$J$3:$J$33, '근무표(입력)'!$G$3:$G$33, $M$1, '근무표(입력)'!$A$3:$A$33, $A7) + SUMIFS('근무표(입력)'!$N$3:$N$33, '근무표(입력)'!$K$3:$K$33, $M$1, '근무표(입력)'!$A$3:$A$33, $A7) + SUMIFS('근무표(입력)'!$R$3:$R$33, '근무표(입력)'!$O$3:$O$33, $M$1, '근무표(입력)'!$A$3:$A$33, $A7) -> 0 | Q7: =IF(Q6="","",IF(MONTH(Q6+1)<>MONTH($A$3),"",Q6+1)) -> 46058 | R7: =IF(Q7="","",TEXT(Q7, "aaa")) -> 목 | S7: =SUMIFS('근무표(입력)'!$F$3:$F$33, '근무표(입력)'!$C$3:$C$33, $Q$1, '근무표(입력)'!$A$3:$A$33, $A7) + SUMIFS('근무표(입력)'!$J$3:$J$33, '근무표(입력)'!$G$3:$G$33, $Q$1, '근무표(입력)'!$A$3:$A$33, $A7) + SUMIFS('근무표(입력)'!$N$3:$N$33, '근무표(입력)'!$K$3:$K$33, $Q$1, '근무표(입력)'!$A$3:$A$33, $A7) + SUMIFS('근무표(입력)'!$R$3:$R$33, '근무표(입력)'!$O$3:$O$33, $Q$1, '근무표(입력)'!$A$3:$A$33, $A7) -> 0 | U7: =IF(U6="","",IF(MONTH(U6+1)<>MONTH($A$3),"",U6+1)) -> 46058 | V7: =IF(U7="","",TEXT(U7, "aaa")) -> 목 | W7: =SUMIFS('근무표(입력)'!$F$3:$F$33, '근무표(입력)'!$C$3:$C$33, $U$1, '근무표(입력)'!$A$3:$A$33, $A7) + SUMIFS('근무표(입력)'!$J$3:$J$33, '근무표(입력)'!$G$3:$G$33, $U$1, '근무표(입력)'!$A$3:$A$33, $A7) + SUMIFS('근무표(입력)'!$N$3:$N$33, '근무표(입력)'!$K$3:$K$33, $U$1, '근무표(입력)'!$A$3:$A$33, $A7) + SUMIFS('근무표(입력)'!$R$3:$R$33, '근무표(입력)'!$O$3:$O$33, $U$1, '근무표(입력)'!$A$3:$A$33, $A7) -> 0 | Y7: =IF(Y6="","",IF(MONTH(Y6+1)<>MONTH($A$3),"",Y6+1)) -> 46058 | Z7: =IF(Y7="","",TEXT(Y7, "aaa")) -> 목 | AA7: =SUMIFS('근무표(입력)'!$F$3:$F$33, '근무표(입력)'!$C$3:$C$33, $Y$1, '근무표(입력)'!$A$3:$A$33, $A7) + SUMIFS('근무표(입력)'!$J$3:$J$33, '근무표(입력)'!$G$3:$G$33, $Y$1, '근무표(입력)'!$A$3:$A$33, $A7) + SUMIFS('근무표(입력)'!$N$3:$N$33, '근무표(입력)'!$K$3:$K$33, $Y$1, '근무표(입력)'!$A$3:$A$33, $A7) + SUMIFS('근무표(입력)'!$R$3:$R$33, '근무표(입력)'!$O$3:$O$33, $Y$1, '근무표(입력)'!$A$3:$A$33, $A7) -> 0
A8: =IF(A7="","",IF(MONTH(A7+1)<>MONTH($A$3),"",A7+1)) -> 46059 | B8: =IF(A8="","",TEXT(A8, "aaa")) -> 금 | C8: =SUMIFS('근무표(입력)'!$F$3:$F$33, '근무표(입력)'!$C$3:$C$33, $A$1, '근무표(입력)'!$A$3:$A$33, $A8) + SUMIFS('근무표(입력)'!$J$3:$J$33, '근무표(입력)'!$G$3:$G$33, $A$1, '근무표(입력)'!$A$3:$A$33, $A8) + SUMIFS('근무표(입력)'!$N$3:$N$33, '근무표(입력)'!$K$3:$K$33, $A$1, '근무표(입력)'!$A$3:$A$33, $A8) + SUMIFS('근무표(입력)'!$R$3:$R$33, '근무표(입력)'!$O$3:$O$33, $A$1, '근무표(입력)'!$A$3:$A$33, $A8) -> 0 | E8: =IF(E7="","",IF(MONTH(E7+1)<>MONTH($A$3),"",E7+1)) -> 46059 | F8: =IF(E8="","",TEXT(E8, "aaa")) -> 금 | G8: =SUMIFS('근무표(입력)'!$F$3:$F$33, '근무표(입력)'!$C$3:$C$33, $E$1, '근무표(입력)'!$A$3:$A$33, $A8) + SUMIFS('근무표(입력)'!$J$3:$J$33, '근무표(입력)'!$G$3:$G$33, $E$1, '근무표(입력)'!$A$3:$A$33, $A8) + SUMIFS('근무표(입력)'!$N$3:$N$33, '근무표(입력)'!$K$3:$K$33, $E$1, '근무표(입력)'!$A$3:$A$33, $A8) + SUMIFS('근무표(입력)'!$R$3:$R$33, '근무표(입력)'!$O$3:$O$33, $E$1, '근무표(입력)'!$A$3:$A$33, $A8) -> 0 | I8: =IF(I7="","",IF(MONTH(I7+1)<>MONTH($A$3),"",I7+1)) -> 46059 | J8: =IF(I8="","",TEXT(I8, "aaa")) -> 금 | K8: =SUMIFS('근무표(입력)'!$F$3:$F$33, '근무표(입력)'!$C$3:$C$33, $I$1, '근무표(입력)'!$A$3:$A$33, $A8) + SUMIFS('근무표(입력)'!$J$3:$J$33, '근무표(입력)'!$G$3:$G$33, $I$1, '근무표(입력)'!$A$3:$A$33, $A8) + SUMIFS('근무표(입력)'!$N$3:$N$33, '근무표(입력)'!$K$3:$K$33, $I$1, '근무표(입력)'!$A$3:$A$33, $A8) + SUMIFS('근무표(입력)'!$R$3:$R$33, '근무표(입력)'!$O$3:$O$33, $I$1, '근무표(입력)'!$A$3:$A$33, $A8) -> 0 | M8: =IF(M7="","",IF(MONTH(M7+1)<>MONTH($A$3),"",M7+1)) -> 46059 | N8: =IF(M8="","",TEXT(M8, "aaa")) -> 금 | O8: =SUMIFS('근무표(입력)'!$F$3:$F$33, '근무표(입력)'!$C$3:$C$33, $M$1, '근무표(입력)'!$A$3:$A$33, $A8) + SUMIFS('근무표(입력)'!$J$3:$J$33, '근무표(입력)'!$G$3:$G$33, $M$1, '근무표(입력)'!$A$3:$A$33, $A8) + SUMIFS('근무표(입력)'!$N$3:$N$33, '근무표(입력)'!$K$3:$K$33, $M$1, '근무표(입력)'!$A$3:$A$33, $A8) + SUMIFS('근무표(입력)'!$R$3:$R$33, '근무표(입력)'!$O$3:$O$33, $M$1, '근무표(입력)'!$A$3:$A$33, $A8) -> 0 | Q8: =IF(Q7="","",IF(MONTH(Q7+1)<>MONTH($A$3),"",Q7+1)) -> 46059 | R8: =IF(Q8="","",TEXT(Q8, "aaa")) -> 금 | S8: =SUMIFS('근무표(입력)'!$F$3:$F$33, '근무표(입력)'!$C$3:$C$33, $Q$1, '근무표(입력)'!$A$3:$A$33, $A8) + SUMIFS('근무표(입력)'!$J$3:$J$33, '근무표(입력)'!$G$3:$G$33, $Q$1, '근무표(입력)'!$A$3:$A$33, $A8) + SUMIFS('근무표(입력)'!$N$3:$N$33, '근무표(입력)'!$K$3:$K$33, $Q$1, '근무표(입력)'!$A$3:$A$33, $A8) + SUMIFS('근무표(입력)'!$R$3:$R$33, '근무표(입력)'!$O$3:$O$33, $Q$1, '근무표(입력)'!$A$3:$A$33, $A8) -> 0 | U8: =IF(U7="","",IF(MONTH(U7+1)<>MONTH($A$3),"",U7+1)) -> 46059 | V8: =IF(U8="","",TEXT(U8, "aaa")) -> 금 | W8: =SUMIFS('근무표(입력)'!$F$3:$F$33, '근무표(입력)'!$C$3:$C$33, $U$1, '근무표(입력)'!$A$3:$A$33, $A8) + SUMIFS('근무표(입력)'!$J$3:$J$33, '근무표(입력)'!$G$3:$G$33, $U$1, '근무표(입력)'!$A$3:$A$33, $A8) + SUMIFS('근무표(입력)'!$N$3:$N$33, '근무표(입력)'!$K$3:$K$33, $U$1, '근무표(입력)'!$A$3:$A$33, $A8) + SUMIFS('근무표(입력)'!$R$3:$R$33, '근무표(입력)'!$O$3:$O$33, $U$1, '근무표(입력)'!$A$3:$A$33, $A8) -> 0 | Y8: =IF(Y7="","",IF(MONTH(Y7+1)<>MONTH($A$3),"",Y7+1)) -> 46059 | Z8: =IF(Y8="","",TEXT(Y8, "aaa")) -> 금 | AA8: =SUMIFS('근무표(입력)'!$F$3:$F$33, '근무표(입력)'!$C$3:$C$33, $Y$1, '근무표(입력)'!$A$3:$A$33, $A8) + SUMIFS('근무표(입력)'!$J$3:$J$33, '근무표(입력)'!$G$3:$G$33, $Y$1, '근무표(입력)'!$A$3:$A$33, $A8) + SUMIFS('근무표(입력)'!$N$3:$N$33, '근무표(입력)'!$K$3:$K$33, $Y$1, '근무표(입력)'!$A$3:$A$33, $A8) + SUMIFS('근무표(입력)'!$R$3:$R$33, '근무표(입력)'!$O$3:$O$33, $Y$1, '근무표(입력)'!$A$3:$A$33, $A8) -> 0
A9: =IF(A8="","",IF(MONTH(A8+1)<>MONTH($A$3),"",A8+1)) -> 46060 | B9: =IF(A9="","",TEXT(A9, "aaa")) -> 토 | C9: =SUMIFS('근무표(입력)'!$F$3:$F$33, '근무표(입력)'!$C$3:$C$33, $A$1, '근무표(입력)'!$A$3:$A$33, $A9) + SUMIFS('근무표(입력)'!$J$3:$J$33, '근무표(입력)'!$G$3:$G$33, $A$1, '근무표(입력)'!$A$3:$A$33, $A9) + SUMIFS('근무표(입력)'!$N$3:$N$33, '근무표(입력)'!$K$3:$K$33, $A$1, '근무표(입력)'!$A$3:$A$33, $A9) + SUMIFS('근무표(입력)'!$R$3:$R$33, '근무표(입력)'!$O$3:$O$33, $A$1, '근무표(입력)'!$A$3:$A$33, $A9) -> 0 | E9: =IF(E8="","",IF(MONTH(E8+1)<>MONTH($A$3),"",E8+1)) -> 46060 | F9: =IF(E9="","",TEXT(E9, "aaa")) -> 토 | G9: =SUMIFS('근무표(입력)'!$F$3:$F$33, '근무표(입력)'!$C$3:$C$33, $E$1, '근무표(입력)'!$A$3:$A$33, $A9) + SUMIFS('근무표(입력)'!$J$3:$J$33, '근무표(입력)'!$G$3:$G$33, $E$1, '근무표(입력)'!$A$3:$A$33, $A9) + SUMIFS('근무표(입력)'!$N$3:$N$33, '근무표(입력)'!$K$3:$K$33, $E$1, '근무표(입력)'!$A$3:$A$33, $A9) + SUMIFS('근무표(입력)'!$R$3:$R$33, '근무표(입력)'!$O$3:$O$33, $E$1, '근무표(입력)'!$A$3:$A$33, $A9) -> 0 | I9: =IF(I8="","",IF(MONTH(I8+1)<>MONTH($A$3),"",I8+1)) -> 46060 | J9: =IF(I9="","",TEXT(I9, "aaa")) -> 토 | K9: =SUMIFS('근무표(입력)'!$F$3:$F$33, '근무표(입력)'!$C$3:$C$33, $I$1, '근무표(입력)'!$A$3:$A$33, $A9) + SUMIFS('근무표(입력)'!$J$3:$J$33, '근무표(입력)'!$G$3:$G$33, $I$1, '근무표(입력)'!$A$3:$A$33, $A9) + SUMIFS('근무표(입력)'!$N$3:$N$33, '근무표(입력)'!$K$3:$K$33, $I$1, '근무표(입력)'!$A$3:$A$33, $A9) + SUMIFS('근무표(입력)'!$R$3:$R$33, '근무표(입력)'!$O$3:$O$33, $I$1, '근무표(입력)'!$A$3:$A$33, $A9) -> 0 | M9: =IF(M8="","",IF(MONTH(M8+1)<>MONTH($A$3),"",M8+1)) -> 46060 | N9: =IF(M9="","",TEXT(M9, "aaa")) -> 토 | O9: =SUMIFS('근무표(입력)'!$F$3:$F$33, '근무표(입력)'!$C$3:$C$33, $M$1, '근무표(입력)'!$A$3:$A$33, $A9) + SUMIFS('근무표(입력)'!$J$3:$J$33, '근무표(입력)'!$G$3:$G$33, $M$1, '근무표(입력)'!$A$3:$A$33, $A9) + SUMIFS('근무표(입력)'!$N$3:$N$33, '근무표(입력)'!$K$3:$K$33, $M$1, '근무표(입력)'!$A$3:$A$33, $A9) + SUMIFS('근무표(입력)'!$R$3:$R$33, '근무표(입력)'!$O$3:$O$33, $M$1, '근무표(입력)'!$A$3:$A$33, $A9) -> 0 | Q9: =IF(Q8="","",IF(MONTH(Q8+1)<>MONTH($A$3),"",Q8+1)) -> 46060 | R9: =IF(Q9="","",TEXT(Q9, "aaa")) -> 토 | S9: =SUMIFS('근무표(입력)'!$F$3:$F$33, '근무표(입력)'!$C$3:$C$33, $Q$1, '근무표(입력)'!$A$3:$A$33, $A9) + SUMIFS('근무표(입력)'!$J$3:$J$33, '근무표(입력)'!$G$3:$G$33, $Q$1, '근무표(입력)'!$A$3:$A$33, $A9) + SUMIFS('근무표(입력)'!$N$3:$N$33, '근무표(입력)'!$K$3:$K$33, $Q$1, '근무표(입력)'!$A$3:$A$33, $A9) + SUMIFS('근무표(입력)'!$R$3:$R$33, '근무표(입력)'!$O$3:$O$33, $Q$1, '근무표(입력)'!$A$3:$A$33, $A9) -> 0 | U9: =IF(U8="","",IF(MONTH(U8+1)<>MONTH($A$3),"",U8+1)) -> 46060 | V9: =IF(U9="","",TEXT(U9, "aaa")) -> 토 | W9: =SUMIFS('근무표(입력)'!$F$3:$F$33, '근무표(입력)'!$C$3:$C$33, $U$1, '근무표(입력)'!$A$3:$A$33, $A9) + SUMIFS('근무표(입력)'!$J$3:$J$33, '근무표(입력)'!$G$3:$G$33, $U$1, '근무표(입력)'!$A$3:$A$33, $A9) + SUMIFS('근무표(입력)'!$N$3:$N$33, '근무표(입력)'!$K$3:$K$33, $U$1, '근무표(입력)'!$A$3:$A$33, $A9) + SUMIFS('근무표(입력)'!$R$3:$R$33, '근무표(입력)'!$O$3:$O$33, $U$1, '근무표(입력)'!$A$3:$A$33, $A9) -> 0 | Y9: =IF(Y8="","",IF(MONTH(Y8+1)<>MONTH($A$3),"",Y8+1)) -> 46060 | Z9: =IF(Y9="","",TEXT(Y9, "aaa")) -> 토 | AA9: =SUMIFS('근무표(입력)'!$F$3:$F$33, '근무표(입력)'!$C$3:$C$33, $Y$1, '근무표(입력)'!$A$3:$A$33, $A9) + SUMIFS('근무표(입력)'!$J$3:$J$33, '근무표(입력)'!$G$3:$G$33, $Y$1, '근무표(입력)'!$A$3:$A$33, $A9) + SUMIFS('근무표(입력)'!$N$3:$N$33, '근무표(입력)'!$K$3:$K$33, $Y$1, '근무표(입력)'!$A$3:$A$33, $A9) + SUMIFS('근무표(입력)'!$R$3:$R$33, '근무표(입력)'!$O$3:$O$33, $Y$1, '근무표(입력)'!$A$3:$A$33, $A9) -> 0
A10: =IF(A9="","",IF(MONTH(A9+1)<>MONTH($A$3),"",A9+1)) -> 46061 | B10: =IF(A10="","",TEXT(A10, "aaa")) -> 일 | C10: =SUMIFS('근무표(입력)'!$F$3:$F$33, '근무표(입력)'!$C$3:$C$33, $A$1, '근무표(입력)'!$A$3:$A$33, $A10) + SUMIFS('근무표(입력)'!$J$3:$J$33, '근무표(입력)'!$G$3:$G$33, $A$1, '근무표(입력)'!$A$3:$A$33, $A10) + SUMIFS('근무표(입력)'!$N$3:$N$33, '근무표(입력)'!$K$3:$K$33, $A$1, '근무표(입력)'!$A$3:$A$33, $A10) + SUMIFS('근무표(입력)'!$R$3:$R$33, '근무표(입력)'!$O$3:$O$33, $A$1, '근무표(입력)'!$A$3:$A$33, $A10) -> 0 | E10: =IF(E9="","",IF(MONTH(E9+1)<>MONTH($A$3),"",E9+1)) -> 46061 | F10: =IF(E10="","",TEXT(E10, "aaa")) -> 일 | G10: =SUMIFS('근무표(입력)'!$F$3:$F$33, '근무표(입력)'!$C$3:$C$33, $E$1, '근무표(입력)'!$A$3:$A$33, $A10) + SUMIFS('근무표(입력)'!$J$3:$J$33, '근무표(입력)'!$G$3:$G$33, $E$1, '근무표(입력)'!$A$3:$A$33, $A10) + SUMIFS('근무표(입력)'!$N$3:$N$33, '근무표(입력)'!$K$3:$K$33, $E$1, '근무표(입력)'!$A$3:$A$33, $A10) + SUMIFS('근무표(입력)'!$R$3:$R$33, '근무표(입력)'!$O$3:$O$33, $E$1, '근무표(입력)'!$A$3:$A$33, $A10) -> 0 | I10: =IF(I9="","",IF(MONTH(I9+1)<>MONTH($A$3),"",I9+1)) -> 46061 | J10: =IF(I10="","",TEXT(I10, "aaa")) -> 일 | K10: =SUMIFS('근무표(입력)'!$F$3:$F$33, '근무표(입력)'!$C$3:$C$33, $I$1, '근무표(입력)'!$A$3:$A$33, $A10) + SUMIFS('근무표(입력)'!$J$3:$J$33, '근무표(입력)'!$G$3:$G$33, $I$1, '근무표(입력)'!$A$3:$A$33, $A10) + SUMIFS('근무표(입력)'!$N$3:$N$33, '근무표(입력)'!$K$3:$K$33, $I$1, '근무표(입력)'!$A$3:$A$33, $A10) + SUMIFS('근무표(입력)'!$R$3:$R$33, '근무표(입력)'!$O$3:$O$33, $I$1, '근무표(입력)'!$A$3:$A$33, $A10) -> 0 | M10: =IF(M9="","",IF(MONTH(M9+1)<>MONTH($A$3),"",M9+1)) -> 46061 | N10: =IF(M10="","",TEXT(M10, "aaa")) -> 일 | O10: =SUMIFS('근무표(입력)'!$F$3:$F$33, '근무표(입력)'!$C$3:$C$33, $M$1, '근무표(입력)'!$A$3:$A$33, $A10) + SUMIFS('근무표(입력)'!$J$3:$J$33, '근무표(입력)'!$G$3:$G$33, $M$1, '근무표(입력)'!$A$3:$A$33, $A10) + SUMIFS('근무표(입력)'!$N$3:$N$33, '근무표(입력)'!$K$3:$K$33, $M$1, '근무표(입력)'!$A$3:$A$33, $A10) + SUMIFS('근무표(입력)'!$R$3:$R$33, '근무표(입력)'!$O$3:$O$33, $M$1, '근무표(입력)'!$A$3:$A$33, $A10) -> 0 | Q10: =IF(Q9="","",IF(MONTH(Q9+1)<>MONTH($A$3),"",Q9+1)) -> 46061 | R10: =IF(Q10="","",TEXT(Q10, "aaa")) -> 일 | S10: =SUMIFS('근무표(입력)'!$F$3:$F$33, '근무표(입력)'!$C$3:$C$33, $Q$1, '근무표(입력)'!$A$3:$A$33, $A10) + SUMIFS('근무표(입력)'!$J$3:$J$33, '근무표(입력)'!$G$3:$G$33, $Q$1, '근무표(입력)'!$A$3:$A$33, $A10) + SUMIFS('근무표(입력)'!$N$3:$N$33, '근무표(입력)'!$K$3:$K$33, $Q$1, '근무표(입력)'!$A$3:$A$33, $A10) + SUMIFS('근무표(입력)'!$R$3:$R$33, '근무표(입력)'!$O$3:$O$33, $Q$1, '근무표(입력)'!$A$3:$A$33, $A10) -> 0 | U10: =IF(U9="","",IF(MONTH(U9+1)<>MONTH($A$3),"",U9+1)) -> 46061 | V10: =IF(U10="","",TEXT(U10, "aaa")) -> 일 | W10: =SUMIFS('근무표(입력)'!$F$3:$F$33, '근무표(입력)'!$C$3:$C$33, $U$1, '근무표(입력)'!$A$3:$A$33, $A10) + SUMIFS('근무표(입력)'!$J$3:$J$33, '근무표(입력)'!$G$3:$G$33, $U$1, '근무표(입력)'!$A$3:$A$33, $A10) + SUMIFS('근무표(입력)'!$N$3:$N$33, '근무표(입력)'!$K$3:$K$33, $U$1, '근무표(입력)'!$A$3:$A$33, $A10) + SUMIFS('근무표(입력)'!$R$3:$R$33, '근무표(입력)'!$O$3:$O$33, $U$1, '근무표(입력)'!$A$3:$A$33, $A10) -> 0 | Y10: =IF(Y9="","",IF(MONTH(Y9+1)<>MONTH($A$3),"",Y9+1)) -> 46061 | Z10: =IF(Y10="","",TEXT(Y10, "aaa")) -> 일 | AA10: =SUMIFS('근무표(입력)'!$F$3:$F$33, '근무표(입력)'!$C$3:$C$33, $Y$1, '근무표(입력)'!$A$3:$A$33, $A10) + SUMIFS('근무표(입력)'!$J$3:$J$33, '근무표(입력)'!$G$3:$G$33, $Y$1, '근무표(입력)'!$A$3:$A$33, $A10) + SUMIFS('근무표(입력)'!$N$3:$N$33, '근무표(입력)'!$K$3:$K$33, $Y$1, '근무표(입력)'!$A$3:$A$33, $A10) + SUMIFS('근무표(입력)'!$R$3:$R$33, '근무표(입력)'!$O$3:$O$33, $Y$1, '근무표(입력)'!$A$3:$A$33, $A10) -> 0
A11: =IF(A10="","",IF(MONTH(A10+1)<>MONTH($A$3),"",A10+1)) -> 46062 | B11: =IF(A11="","",TEXT(A11, "aaa")) -> 월 | C11: =SUMIFS('근무표(입력)'!$F$3:$F$33, '근무표(입력)'!$C$3:$C$33, $A$1, '근무표(입력)'!$A$3:$A$33, $A11) + SUMIFS('근무표(입력)'!$J$3:$J$33, '근무표(입력)'!$G$3:$G$33, $A$1, '근무표(입력)'!$A$3:$A$33, $A11) + SUMIFS('근무표(입력)'!$N$3:$N$33, '근무표(입력)'!$K$3:$K$33, $A$1, '근무표(입력)'!$A$3:$A$33, $A11) + SUMIFS('근무표(입력)'!$R$3:$R$33, '근무표(입력)'!$O$3:$O$33, $A$1, '근무표(입력)'!$A$3:$A$33, $A11) -> 0 | E11: =IF(E10="","",IF(MONTH(E10+1)<>MONTH($A$3),"",E10+1)) -> 46062 | F11: =IF(E11="","",TEXT(E11, "aaa")) -> 월 | G11: =SUMIFS('근무표(입력)'!$F$3:$F$33, '근무표(입력)'!$C$3:$C$33, $E$1, '근무표(입력)'!$A$3:$A$33, $A11) + SUMIFS('근무표(입력)'!$J$3:$J$33, '근무표(입력)'!$G$3:$G$33, $E$1, '근무표(입력)'!$A$3:$A$33, $A11) + SUMIFS('근무표(입력)'!$N$3:$N$33, '근무표(입력)'!$K$3:$K$33, $E$1, '근무표(입력)'!$A$3:$A$33, $A11) + SUMIFS('근무표(입력)'!$R$3:$R$33, '근무표(입력)'!$O$3:$O$33, $E$1, '근무표(입력)'!$A$3:$A$33, $A11) -> 0 | I11: =IF(I10="","",IF(MONTH(I10+1)<>MONTH($A$3),"",I10+1)) -> 46062 | J11: =IF(I11="","",TEXT(I11, "aaa")) -> 월 | K11: =SUMIFS('근무표(입력)'!$F$3:$F$33, '근무표(입력)'!$C$3:$C$33, $I$1, '근무표(입력)'!$A$3:$A$33, $A11) + SUMIFS('근무표(입력)'!$J$3:$J$33, '근무표(입력)'!$G$3:$G$33, $I$1, '근무표(입력)'!$A$3:$A$33, $A11) + SUMIFS('근무표(입력)'!$N$3:$N$33, '근무표(입력)'!$K$3:$K$33, $I$1, '근무표(입력)'!$A$3:$A$33, $A11) + SUMIFS('근무표(입력)'!$R$3:$R$33, '근무표(입력)'!$O$3:$O$33, $I$1, '근무표(입력)'!$A$3:$A$33, $A11) -> 0 | M11: =IF(M10="","",IF(MONTH(M10+1)<>MONTH($A$3),"",M10+1)) -> 46062 | N11: =IF(M11="","",TEXT(M11, "aaa")) -> 월 | O11: =SUMIFS('근무표(입력)'!$F$3:$F$33, '근무표(입력)'!$C$3:$C$33, $M$1, '근무표(입력)'!$A$3:$A$33, $A11) + SUMIFS('근무표(입력)'!$J$3:$J$33, '근무표(입력)'!$G$3:$G$33, $M$1, '근무표(입력)'!$A$3:$A$33, $A11) + SUMIFS('근무표(입력)'!$N$3:$N$33, '근무표(입력)'!$K$3:$K$33, $M$1, '근무표(입력)'!$A$3:$A$33, $A11) + SUMIFS('근무표(입력)'!$R$3:$R$33, '근무표(입력)'!$O$3:$O$33, $M$1, '근무표(입력)'!$A$3:$A$33, $A11) -> 0 | Q11: =IF(Q10="","",IF(MONTH(Q10+1)<>MONTH($A$3),"",Q10+1)) -> 46062 | R11: =IF(Q11="","",TEXT(Q11, "aaa")) -> 월 | S11: =SUMIFS('근무표(입력)'!$F$3:$F$33, '근무표(입력)'!$C$3:$C$33, $Q$1, '근무표(입력)'!$A$3:$A$33, $A11) + SUMIFS('근무표(입력)'!$J$3:$J$33, '근무표(입력)'!$G$3:$G$33, $Q$1, '근무표(입력)'!$A$3:$A$33, $A11) + SUMIFS('근무표(입력)'!$N$3:$N$33, '근무표(입력)'!$K$3:$K$33, $Q$1, '근무표(입력)'!$A$3:$A$33, $A11) + SUMIFS('근무표(입력)'!$R$3:$R$33, '근무표(입력)'!$O$3:$O$33, $Q$1, '근무표(입력)'!$A$3:$A$33, $A11) -> 0 | U11: =IF(U10="","",IF(MONTH(U10+1)<>MONTH($A$3),"",U10+1)) -> 46062 | V11: =IF(U11="","",TEXT(U11, "aaa")) -> 월 | W11: =SUMIFS('근무표(입력)'!$F$3:$F$33, '근무표(입력)'!$C$3:$C$33, $U$1, '근무표(입력)'!$A$3:$A$33, $A11) + SUMIFS('근무표(입력)'!$J$3:$J$33, '근무표(입력)'!$G$3:$G$33, $U$1, '근무표(입력)'!$A$3:$A$33, $A11) + SUMIFS('근무표(입력)'!$N$3:$N$33, '근무표(입력)'!$K$3:$K$33, $U$1, '근무표(입력)'!$A$3:$A$33, $A11) + SUMIFS('근무표(입력)'!$R$3:$R$33, '근무표(입력)'!$O$3:$O$33, $U$1, '근무표(입력)'!$A$3:$A$33, $A11) -> 0 | Y11: =IF(Y10="","",IF(MONTH(Y10+1)<>MONTH($A$3),"",Y10+1)) -> 46062 | Z11: =IF(Y11="","",TEXT(Y11, "aaa")) -> 월 | AA11: =SUMIFS('근무표(입력)'!$F$3:$F$33, '근무표(입력)'!$C$3:$C$33, $Y$1, '근무표(입력)'!$A$3:$A$33, $A11) + SUMIFS('근무표(입력)'!$J$3:$J$33, '근무표(입력)'!$G$3:$G$33, $Y$1, '근무표(입력)'!$A$3:$A$33, $A11) + SUMIFS('근무표(입력)'!$N$3:$N$33, '근무표(입력)'!$K$3:$K$33, $Y$1, '근무표(입력)'!$A$3:$A$33, $A11) + SUMIFS('근무표(입력)'!$R$3:$R$33, '근무표(입력)'!$O$3:$O$33, $Y$1, '근무표(입력)'!$A$3:$A$33, $A11) -> 0
A12: =IF(A11="","",IF(MONTH(A11+1)<>MONTH($A$3),"",A11+1)) -> 46063 | B12: =IF(A12="","",TEXT(A12, "aaa")) -> 화 | C12: =SUMIFS('근무표(입력)'!$F$3:$F$33, '근무표(입력)'!$C$3:$C$33, $A$1, '근무표(입력)'!$A$3:$A$33, $A12) + SUMIFS('근무표(입력)'!$J$3:$J$33, '근무표(입력)'!$G$3:$G$33, $A$1, '근무표(입력)'!$A$3:$A$33, $A12) + SUMIFS('근무표(입력)'!$N$3:$N$33, '근무표(입력)'!$K$3:$K$33, $A$1, '근무표(입력)'!$A$3:$A$33, $A12) + SUMIFS('근무표(입력)'!$R$3:$R$33, '근무표(입력)'!$O$3:$O$33, $A$1, '근무표(입력)'!$A$3:$A$33, $A12) -> 0 | E12: =IF(E11="","",IF(MONTH(E11+1)<>MONTH($A$3),"",E11+1)) -> 46063 | F12: =IF(E12="","",TEXT(E12, "aaa")) -> 화 | G12: =SUMIFS('근무표(입력)'!$F$3:$F$33, '근무표(입력)'!$C$3:$C$33, $E$1, '근무표(입력)'!$A$3:$A$33, $A12) + SUMIFS('근무표(입력)'!$J$3:$J$33, '근무표(입력)'!$G$3:$G$33, $E$1, '근무표(입력)'!$A$3:$A$33, $A12) + SUMIFS('근무표(입력)'!$N$3:$N$33, '근무표(입력)'!$K$3:$K$33, $E$1, '근무표(입력)'!$A$3:$A$33, $A12) + SUMIFS('근무표(입력)'!$R$3:$R$33, '근무표(입력)'!$O$3:$O$33, $E$1, '근무표(입력)'!$A$3:$A$33, $A12) -> 0 | I12: =IF(I11="","",IF(MONTH(I11+1)<>MONTH($A$3),"",I11+1)) -> 46063 | J12: =IF(I12="","",TEXT(I12, "aaa")) -> 화 | K12: =SUMIFS('근무표(입력)'!$F$3:$F$33, '근무표(입력)'!$C$3:$C$33, $I$1, '근무표(입력)'!$A$3:$A$33, $A12) + SUMIFS('근무표(입력)'!$J$3:$J$33, '근무표(입력)'!$G$3:$G$33, $I$1, '근무표(입력)'!$A$3:$A$33, $A12) + SUMIFS('근무표(입력)'!$N$3:$N$33, '근무표(입력)'!$K$3:$K$33, $I$1, '근무표(입력)'!$A$3:$A$33, $A12) + SUMIFS('근무표(입력)'!$R$3:$R$33, '근무표(입력)'!$O$3:$O$33, $I$1, '근무표(입력)'!$A$3:$A$33, $A12) -> 0 | M12: =IF(M11="","",IF(MONTH(M11+1)<>MONTH($A$3),"",M11+1)) -> 46063 | N12: =IF(M12="","",TEXT(M12, "aaa")) -> 화 | O12: =SUMIFS('근무표(입력)'!$F$3:$F$33, '근무표(입력)'!$C$3:$C$33, $M$1, '근무표(입력)'!$A$3:$A$33, $A12) + SUMIFS('근무표(입력)'!$J$3:$J$33, '근무표(입력)'!$G$3:$G$33, $M$1, '근무표(입력)'!$A$3:$A$33, $A12) + SUMIFS('근무표(입력)'!$N$3:$N$33, '근무표(입력)'!$K$3:$K$33, $M$1, '근무표(입력)'!$A$3:$A$33, $A12) + SUMIFS('근무표(입력)'!$R$3:$R$33, '근무표(입력)'!$O$3:$O$33, $M$1, '근무표(입력)'!$A$3:$A$33, $A12) -> 0 | Q12: =IF(Q11="","",IF(MONTH(Q11+1)<>MONTH($A$3),"",Q11+1)) -> 46063 | R12: =IF(Q12="","",TEXT(Q12, "aaa")) -> 화 | S12: =SUMIFS('근무표(입력)'!$F$3:$F$33, '근무표(입력)'!$C$3:$C$33, $Q$1, '근무표(입력)'!$A$3:$A$33, $A12) + SUMIFS('근무표(입력)'!$J$3:$J$33, '근무표(입력)'!$G$3:$G$33, $Q$1, '근무표(입력)'!$A$3:$A$33, $A12) + SUMIFS('근무표(입력)'!$N$3:$N$33, '근무표(입력)'!$K$3:$K$33, $Q$1, '근무표(입력)'!$A$3:$A$33, $A12) + SUMIFS('근무표(입력)'!$R$3:$R$33, '근무표(입력)'!$O$3:$O$33, $Q$1, '근무표(입력)'!$A$3:$A$33, $A12) -> 0 | U12: =IF(U11="","",IF(MONTH(U11+1)<>MONTH($A$3),"",U11+1)) -> 46063 | V12: =IF(U12="","",TEXT(U12, "aaa")) -> 화 | W12: =SUMIFS('근무표(입력)'!$F$3:$F$33, '근무표(입력)'!$C$3:$C$33, $U$1, '근무표(입력)'!$A$3:$A$33, $A12) + SUMIFS('근무표(입력)'!$J$3:$J$33, '근무표(입력)'!$G$3:$G$33, $U$1, '근무표(입력)'!$A$3:$A$33, $A12) + SUMIFS('근무표(입력)'!$N$3:$N$33, '근무표(입력)'!$K$3:$K$33, $U$1, '근무표(입력)'!$A$3:$A$33, $A12) + SUMIFS('근무표(입력)'!$R$3:$R$33, '근무표(입력)'!$O$3:$O$33, $U$1, '근무표(입력)'!$A$3:$A$33, $A12) -> 0 | Y12: =IF(Y11="","",IF(MONTH(Y11+1)<>MONTH($A$3),"",Y11+1)) -> 46063 | Z12: =IF(Y12="","",TEXT(Y12, "aaa")) -> 화 | AA12: =SUMIFS('근무표(입력)'!$F$3:$F$33, '근무표(입력)'!$C$3:$C$33, $Y$1, '근무표(입력)'!$A$3:$A$33, $A12) + SUMIFS('근무표(입력)'!$J$3:$J$33, '근무표(입력)'!$G$3:$G$33, $Y$1, '근무표(입력)'!$A$3:$A$33, $A12) + SUMIFS('근무표(입력)'!$N$3:$N$33, '근무표(입력)'!$K$3:$K$33, $Y$1, '근무표(입력)'!$A$3:$A$33, $A12) + SUMIFS('근무표(입력)'!$R$3:$R$33, '근무표(입력)'!$O$3:$O$33, $Y$1, '근무표(입력)'!$A$3:$A$33, $A12) -> 0
A13: =IF(A12="","",IF(MONTH(A12+1)<>MONTH($A$3),"",A12+1)) -> 46064 | B13: =IF(A13="","",TEXT(A13, "aaa")) -> 수 | C13: =SUMIFS('근무표(입력)'!$F$3:$F$33, '근무표(입력)'!$C$3:$C$33, $A$1, '근무표(입력)'!$A$3:$A$33, $A13) + SUMIFS('근무표(입력)'!$J$3:$J$33, '근무표(입력)'!$G$3:$G$33, $A$1, '근무표(입력)'!$A$3:$A$33, $A13) + SUMIFS('근무표(입력)'!$N$3:$N$33, '근무표(입력)'!$K$3:$K$33, $A$1, '근무표(입력)'!$A$3:$A$33, $A13) + SUMIFS('근무표(입력)'!$R$3:$R$33, '근무표(입력)'!$O$3:$O$33, $A$1, '근무표(입력)'!$A$3:$A$33, $A13) -> 0 | E13: =IF(E12="","",IF(MONTH(E12+1)<>MONTH($A$3),"",E12+1)) -> 46064 | F13: =IF(E13="","",TEXT(E13, "aaa")) -> 수 | G13: =SUMIFS('근무표(입력)'!$F$3:$F$33, '근무표(입력)'!$C$3:$C$33, $E$1, '근무표(입력)'!$A$3:$A$33, $A13) + SUMIFS('근무표(입력)'!$J$3:$J$33, '근무표(입력)'!$G$3:$G$33, $E$1, '근무표(입력)'!$A$3:$A$33, $A13) + SUMIFS('근무표(입력)'!$N$3:$N$33, '근무표(입력)'!$K$3:$K$33, $E$1, '근무표(입력)'!$A$3:$A$33, $A13) + SUMIFS('근무표(입력)'!$R$3:$R$33, '근무표(입력)'!$O$3:$O$33, $E$1, '근무표(입력)'!$A$3:$A$33, $A13) -> 0 | I13: =IF(I12="","",IF(MONTH(I12+1)<>MONTH($A$3),"",I12+1)) -> 46064 | J13: =IF(I13="","",TEXT(I13, "aaa")) -> 수 | K13: =SUMIFS('근무표(입력)'!$F$3:$F$33, '근무표(입력)'!$C$3:$C$33, $I$1, '근무표(입력)'!$A$3:$A$33, $A13) + SUMIFS('근무표(입력)'!$J$3:$J$33, '근무표(입력)'!$G$3:$G$33, $I$1, '근무표(입력)'!$A$3:$A$33, $A13) + SUMIFS('근무표(입력)'!$N$3:$N$33, '근무표(입력)'!$K$3:$K$33, $I$1, '근무표(입력)'!$A$3:$A$33, $A13) + SUMIFS('근무표(입력)'!$R$3:$R$33, '근무표(입력)'!$O$3:$O$33, $I$1, '근무표(입력)'!$A$3:$A$33, $A13) -> 0 | M13: =IF(M12="","",IF(MONTH(M12+1)<>MONTH($A$3),"",M12+1)) -> 46064 | N13: =IF(M13="","",TEXT(M13, "aaa")) -> 수 | O13: =SUMIFS('근무표(입력)'!$F$3:$F$33, '근무표(입력)'!$C$3:$C$33, $M$1, '근무표(입력)'!$A$3:$A$33, $A13) + SUMIFS('근무표(입력)'!$J$3:$J$33, '근무표(입력)'!$G$3:$G$33, $M$1, '근무표(입력)'!$A$3:$A$33, $A13) + SUMIFS('근무표(입력)'!$N$3:$N$33, '근무표(입력)'!$K$3:$K$33, $M$1, '근무표(입력)'!$A$3:$A$33, $A13) + SUMIFS('근무표(입력)'!$R$3:$R$33, '근무표(입력)'!$O$3:$O$33, $M$1, '근무표(입력)'!$A$3:$A$33, $A13) -> 0 | Q13: =IF(Q12="","",IF(MONTH(Q12+1)<>MONTH($A$3),"",Q12+1)) -> 46064 | R13: =IF(Q13="","",TEXT(Q13, "aaa")) -> 수 | S13: =SUMIFS('근무표(입력)'!$F$3:$F$33, '근무표(입력)'!$C$3:$C$33, $Q$1, '근무표(입력)'!$A$3:$A$33, $A13) + SUMIFS('근무표(입력)'!$J$3:$J$33, '근무표(입력)'!$G$3:$G$33, $Q$1, '근무표(입력)'!$A$3:$A$33, $A13) + SUMIFS('근무표(입력)'!$N$3:$N$33, '근무표(입력)'!$K$3:$K$33, $Q$1, '근무표(입력)'!$A$3:$A$33, $A13) + SUMIFS('근무표(입력)'!$R$3:$R$33, '근무표(입력)'!$O$3:$O$33, $Q$1, '근무표(입력)'!$A$3:$A$33, $A13) -> 0 | U13: =IF(U12="","",IF(MONTH(U12+1)<>MONTH($A$3),"",U12+1)) -> 46064 | V13: =IF(U13="","",TEXT(U13, "aaa")) -> 수 | W13: =SUMIFS('근무표(입력)'!$F$3:$F$33, '근무표(입력)'!$C$3:$C$33, $U$1, '근무표(입력)'!$A$3:$A$33, $A13) + SUMIFS('근무표(입력)'!$J$3:$J$33, '근무표(입력)'!$G$3:$G$33, $U$1, '근무표(입력)'!$A$3:$A$33, $A13) + SUMIFS('근무표(입력)'!$N$3:$N$33, '근무표(입력)'!$K$3:$K$33, $U$1, '근무표(입력)'!$A$3:$A$33, $A13) + SUMIFS('근무표(입력)'!$R$3:$R$33, '근무표(입력)'!$O$3:$O$33, $U$1, '근무표(입력)'!$A$3:$A$33, $A13) -> 0 | Y13: =IF(Y12="","",IF(MONTH(Y12+1)<>MONTH($A$3),"",Y12+1)) -> 46064 | Z13: =IF(Y13="","",TEXT(Y13, "aaa")) -> 수 | AA13: =SUMIFS('근무표(입력)'!$F$3:$F$33, '근무표(입력)'!$C$3:$C$33, $Y$1, '근무표(입력)'!$A$3:$A$33, $A13) + SUMIFS('근무표(입력)'!$J$3:$J$33, '근무표(입력)'!$G$3:$G$33, $Y$1, '근무표(입력)'!$A$3:$A$33, $A13) + SUMIFS('근무표(입력)'!$N$3:$N$33, '근무표(입력)'!$K$3:$K$33, $Y$1, '근무표(입력)'!$A$3:$A$33, $A13) + SUMIFS('근무표(입력)'!$R$3:$R$33, '근무표(입력)'!$O$3:$O$33, $Y$1, '근무표(입력)'!$A$3:$A$33, $A13) -> 0
A14: =IF(A13="","",IF(MONTH(A13+1)<>MONTH($A$3),"",A13+1)) -> 46065 | B14: =IF(A14="","",TEXT(A14, "aaa")) -> 목 | C14: =SUMIFS('근무표(입력)'!$F$3:$F$33, '근무표(입력)'!$C$3:$C$33, $A$1, '근무표(입력)'!$A$3:$A$33, $A14) + SUMIFS('근무표(입력)'!$J$3:$J$33, '근무표(입력)'!$G$3:$G$33, $A$1, '근무표(입력)'!$A$3:$A$33, $A14) + SUMIFS('근무표(입력)'!$N$3:$N$33, '근무표(입력)'!$K$3:$K$33, $A$1, '근무표(입력)'!$A$3:$A$33, $A14) + SUMIFS('근무표(입력)'!$R$3:$R$33, '근무표(입력)'!$O$3:$O$33, $A$1, '근무표(입력)'!$A$3:$A$33, $A14) -> 0 | E14: =IF(E13="","",IF(MONTH(E13+1)<>MONTH($A$3),"",E13+1)) -> 46065 | F14: =IF(E14="","",TEXT(E14, "aaa")) -> 목 | G14: =SUMIFS('근무표(입력)'!$F$3:$F$33, '근무표(입력)'!$C$3:$C$33, $E$1, '근무표(입력)'!$A$3:$A$33, $A14) + SUMIFS('근무표(입력)'!$J$3:$J$33, '근무표(입력)'!$G$3:$G$33, $E$1, '근무표(입력)'!$A$3:$A$33, $A14) + SUMIFS('근무표(입력)'!$N$3:$N$33, '근무표(입력)'!$K$3:$K$33, $E$1, '근무표(입력)'!$A$3:$A$33, $A14) + SUMIFS('근무표(입력)'!$R$3:$R$33, '근무표(입력)'!$O$3:$O$33, $E$1, '근무표(입력)'!$A$3:$A$33, $A14) -> 0 | I14: =IF(I13="","",IF(MONTH(I13+1)<>MONTH($A$3),"",I13+1)) -> 46065 | J14: =IF(I14="","",TEXT(I14, "aaa")) -> 목 | K14: =SUMIFS('근무표(입력)'!$F$3:$F$33, '근무표(입력)'!$C$3:$C$33, $I$1, '근무표(입력)'!$A$3:$A$33, $A14) + SUMIFS('근무표(입력)'!$J$3:$J$33, '근무표(입력)'!$G$3:$G$33, $I$1, '근무표(입력)'!$A$3:$A$33, $A14) + SUMIFS('근무표(입력)'!$N$3:$N$33, '근무표(입력)'!$K$3:$K$33, $I$1, '근무표(입력)'!$A$3:$A$33, $A14) + SUMIFS('근무표(입력)'!$R$3:$R$33, '근무표(입력)'!$O$3:$O$33, $I$1, '근무표(입력)'!$A$3:$A$33, $A14) -> 0 | M14: =IF(M13="","",IF(MONTH(M13+1)<>MONTH($A$3),"",M13+1)) -> 46065 | N14: =IF(M14="","",TEXT(M14, "aaa")) -> 목 | O14: =SUMIFS('근무표(입력)'!$F$3:$F$33, '근무표(입력)'!$C$3:$C$33, $M$1, '근무표(입력)'!$A$3:$A$33, $A14) + SUMIFS('근무표(입력)'!$J$3:$J$33, '근무표(입력)'!$G$3:$G$33, $M$1, '근무표(입력)'!$A$3:$A$33, $A14) + SUMIFS('근무표(입력)'!$N$3:$N$33, '근무표(입력)'!$K$3:$K$33, $M$1, '근무표(입력)'!$A$3:$A$33, $A14) + SUMIFS('근무표(입력)'!$R$3:$R$33, '근무표(입력)'!$O$3:$O$33, $M$1, '근무표(입력)'!$A$3:$A$33, $A14) -> 0 | Q14: =IF(Q13="","",IF(MONTH(Q13+1)<>MONTH($A$3),"",Q13+1)) -> 46065 | R14: =IF(Q14="","",TEXT(Q14, "aaa")) -> 목 | S14: =SUMIFS('근무표(입력)'!$F$3:$F$33, '근무표(입력)'!$C$3:$C$33, $Q$1, '근무표(입력)'!$A$3:$A$33, $A14) + SUMIFS('근무표(입력)'!$J$3:$J$33, '근무표(입력)'!$G$3:$G$33, $Q$1, '근무표(입력)'!$A$3:$A$33, $A14) + SUMIFS('근무표(입력)'!$N$3:$N$33, '근무표(입력)'!$K$3:$K$33, $Q$1, '근무표(입력)'!$A$3:$A$33, $A14) + SUMIFS('근무표(입력)'!$R$3:$R$33, '근무표(입력)'!$O$3:$O$33, $Q$1, '근무표(입력)'!$A$3:$A$33, $A14) -> 0 | U14: =IF(U13="","",IF(MONTH(U13+1)<>MONTH($A$3),"",U13+1)) -> 46065 | V14: =IF(U14="","",TEXT(U14, "aaa")) -> 목 | W14: =SUMIFS('근무표(입력)'!$F$3:$F$33, '근무표(입력)'!$C$3:$C$33, $U$1, '근무표(입력)'!$A$3:$A$33, $A14) + SUMIFS('근무표(입력)'!$J$3:$J$33, '근무표(입력)'!$G$3:$G$33, $U$1, '근무표(입력)'!$A$3:$A$33, $A14) + SUMIFS('근무표(입력)'!$N$3:$N$33, '근무표(입력)'!$K$3:$K$33, $U$1, '근무표(입력)'!$A$3:$A$33, $A14) + SUMIFS('근무표(입력)'!$R$3:$R$33, '근무표(입력)'!$O$3:$O$33, $U$1, '근무표(입력)'!$A$3:$A$33, $A14) -> 0 | Y14: =IF(Y13="","",IF(MONTH(Y13+1)<>MONTH($A$3),"",Y13+1)) -> 46065 | Z14: =IF(Y14="","",TEXT(Y14, "aaa")) -> 목 | AA14: =SUMIFS('근무표(입력)'!$F$3:$F$33, '근무표(입력)'!$C$3:$C$33, $Y$1, '근무표(입력)'!$A$3:$A$33, $A14) + SUMIFS('근무표(입력)'!$J$3:$J$33, '근무표(입력)'!$G$3:$G$33, $Y$1, '근무표(입력)'!$A$3:$A$33, $A14) + SUMIFS('근무표(입력)'!$N$3:$N$33, '근무표(입력)'!$K$3:$K$33, $Y$1, '근무표(입력)'!$A$3:$A$33, $A14) + SUMIFS('근무표(입력)'!$R$3:$R$33, '근무표(입력)'!$O$3:$O$33, $Y$1, '근무표(입력)'!$A$3:$A$33, $A14) -> 0
A15: =IF(A14="","",IF(MONTH(A14+1)<>MONTH($A$3),"",A14+1)) -> 46066 | B15: =IF(A15="","",TEXT(A15, "aaa")) -> 금 | C15: =SUMIFS('근무표(입력)'!$F$3:$F$33, '근무표(입력)'!$C$3:$C$33, $A$1, '근무표(입력)'!$A$3:$A$33, $A15) + SUMIFS('근무표(입력)'!$J$3:$J$33, '근무표(입력)'!$G$3:$G$33, $A$1, '근무표(입력)'!$A$3:$A$33, $A15) + SUMIFS('근무표(입력)'!$N$3:$N$33, '근무표(입력)'!$K$3:$K$33, $A$1, '근무표(입력)'!$A$3:$A$33, $A15) + SUMIFS('근무표(입력)'!$R$3:$R$33, '근무표(입력)'!$O$3:$O$33, $A$1, '근무표(입력)'!$A$3:$A$33, $A15) -> 0 | E15: =IF(E14="","",IF(MONTH(E14+1)<>MONTH($A$3),"",E14+1)) -> 46066 | F15: =IF(E15="","",TEXT(E15, "aaa")) -> 금 | G15: =SUMIFS('근무표(입력)'!$F$3:$F$33, '근무표(입력)'!$C$3:$C$33, $E$1, '근무표(입력)'!$A$3:$A$33, $A15) + SUMIFS('근무표(입력)'!$J$3:$J$33, '근무표(입력)'!$G$3:$G$33, $E$1, '근무표(입력)'!$A$3:$A$33, $A15) + SUMIFS('근무표(입력)'!$N$3:$N$33, '근무표(입력)'!$K$3:$K$33, $E$1, '근무표(입력)'!$A$3:$A$33, $A15) + SUMIFS('근무표(입력)'!$R$3:$R$33, '근무표(입력)'!$O$3:$O$33, $E$1, '근무표(입력)'!$A$3:$A$33, $A15) -> 0 | I15: =IF(I14="","",IF(MONTH(I14+1)<>MONTH($A$3),"",I14+1)) -> 46066 | J15: =IF(I15="","",TEXT(I15, "aaa")) -> 금 | K15: =SUMIFS('근무표(입력)'!$F$3:$F$33, '근무표(입력)'!$C$3:$C$33, $I$1, '근무표(입력)'!$A$3:$A$33, $A15) + SUMIFS('근무표(입력)'!$J$3:$J$33, '근무표(입력)'!$G$3:$G$33, $I$1, '근무표(입력)'!$A$3:$A$33, $A15) + SUMIFS('근무표(입력)'!$N$3:$N$33, '근무표(입력)'!$K$3:$K$33, $I$1, '근무표(입력)'!$A$3:$A$33, $A15) + SUMIFS('근무표(입력)'!$R$3:$R$33, '근무표(입력)'!$O$3:$O$33, $I$1, '근무표(입력)'!$A$3:$A$33, $A15) -> 0 | M15: =IF(M14="","",IF(MONTH(M14+1)<>MONTH($A$3),"",M14+1)) -> 46066 | N15: =IF(M15="","",TEXT(M15, "aaa")) -> 금 | O15: =SUMIFS('근무표(입력)'!$F$3:$F$33, '근무표(입력)'!$C$3:$C$33, $M$1, '근무표(입력)'!$A$3:$A$33, $A15) + SUMIFS('근무표(입력)'!$J$3:$J$33, '근무표(입력)'!$G$3:$G$33, $M$1, '근무표(입력)'!$A$3:$A$33, $A15) + SUMIFS('근무표(입력)'!$N$3:$N$33, '근무표(입력)'!$K$3:$K$33, $M$1, '근무표(입력)'!$A$3:$A$33, $A15) + SUMIFS('근무표(입력)'!$R$3:$R$33, '근무표(입력)'!$O$3:$O$33, $M$1, '근무표(입력)'!$A$3:$A$33, $A15) -> 0 | Q15: =IF(Q14="","",IF(MONTH(Q14+1)<>MONTH($A$3),"",Q14+1)) -> 46066 | R15: =IF(Q15="","",TEXT(Q15, "aaa")) -> 금 | S15: =SUMIFS('근무표(입력)'!$F$3:$F$33, '근무표(입력)'!$C$3:$C$33, $Q$1, '근무표(입력)'!$A$3:$A$33, $A15) + SUMIFS('근무표(입력)'!$J$3:$J$33, '근무표(입력)'!$G$3:$G$33, $Q$1, '근무표(입력)'!$A$3:$A$33, $A15) + SUMIFS('근무표(입력)'!$N$3:$N$33, '근무표(입력)'!$K$3:$K$33, $Q$1, '근무표(입력)'!$A$3:$A$33, $A15) + SUMIFS('근무표(입력)'!$R$3:$R$33, '근무표(입력)'!$O$3:$O$33, $Q$1, '근무표(입력)'!$A$3:$A$33, $A15) -> 0 | U15: =IF(U14="","",IF(MONTH(U14+1)<>MONTH($A$3),"",U14+1)) -> 46066 | V15: =IF(U15="","",TEXT(U15, "aaa")) -> 금 | W15: =SUMIFS('근무표(입력)'!$F$3:$F$33, '근무표(입력)'!$C$3:$C$33, $U$1, '근무표(입력)'!$A$3:$A$33, $A15) + SUMIFS('근무표(입력)'!$J$3:$J$33, '근무표(입력)'!$G$3:$G$33, $U$1, '근무표(입력)'!$A$3:$A$33, $A15) + SUMIFS('근무표(입력)'!$N$3:$N$33, '근무표(입력)'!$K$3:$K$33, $U$1, '근무표(입력)'!$A$3:$A$33, $A15) + SUMIFS('근무표(입력)'!$R$3:$R$33, '근무표(입력)'!$O$3:$O$33, $U$1, '근무표(입력)'!$A$3:$A$33, $A15) -> 0 | Y15: =IF(Y14="","",IF(MONTH(Y14+1)<>MONTH($A$3),"",Y14+1)) -> 46066 | Z15: =IF(Y15="","",TEXT(Y15, "aaa")) -> 금 | AA15: =SUMIFS('근무표(입력)'!$F$3:$F$33, '근무표(입력)'!$C$3:$C$33, $Y$1, '근무표(입력)'!$A$3:$A$33, $A15) + SUMIFS('근무표(입력)'!$J$3:$J$33, '근무표(입력)'!$G$3:$G$33, $Y$1, '근무표(입력)'!$A$3:$A$33, $A15) + SUMIFS('근무표(입력)'!$N$3:$N$33, '근무표(입력)'!$K$3:$K$33, $Y$1, '근무표(입력)'!$A$3:$A$33, $A15) + SUMIFS('근무표(입력)'!$R$3:$R$33, '근무표(입력)'!$O$3:$O$33, $Y$1, '근무표(입력)'!$A$3:$A$33, $A15) -> 0
... A33: =IF(A32="","",IF(MONTH(A32+1)<>MONTH($A$3),"",A32+1)) | B33: =IF(A33="","",TEXT(A33, "aaa")) | C33: =SUMIFS('근무표(입력)'!$F$3:$F$33, '근무표(입력)'!$C$3:$C$33, $A$1, '근무표(입력)'!$A$3:$A$33, $A33) + SUMIFS('근무표(입력)'!$J$3:$J$33, '근무표(입력)'!$G$3:$G$33, $A$1, '근무표(입력)'!$A$3:$A$33, $A33) + SUMIFS('근무표(입력)'!$N$3:$N$33, '근무표(입력)'!$K$3:$K$33, $A$1, '근무표(입력)'!$A$3:$A$33, $A33) + SUMIFS('근무표(입력)'!$R$3:$R$33, '근무표(입력)'!$O$3:$O$33, $A$1, '근무표(입력)'!$A$3:$A$33, $A33) -> 0 | E33: =IF(E32="","",IF(MONTH(E32+1)<>MONTH($A$3),"",E32+1)) | F33: =IF(E33="","",TEXT(E33, "aaa")) | G33: =SUMIFS('근무표(입력)'!$F$3:$F$33, '근무표(입력)'!$C$3:$C$33, $E$1, '근무표(입력)'!$A$3:$A$33, $A33) + SUMIFS('근무표(입력)'!$J$3:$J$33, '근무표(입력)'!$G$3:$G$33, $E$1, '근무표(입력)'!$A$3:$A$33, $A33) + SUMIFS('근무표(입력)'!$N$3:$N$33, '근무표(입력)'!$K$3:$K$33, $E$1, '근무표(입력)'!$A$3:$A$33, $A33) + SUMIFS('근무표(입력)'!$R$3:$R$33, '근무표(입력)'!$O$3:$O$33, $E$1, '근무표(입력)'!$A$3:$A$33, $A33) -> 0 | I33: =IF(I32="","",IF(MONTH(I32+1)<>MONTH($A$3),"",I32+1)) | J33: =IF(I33="","",TEXT(I33, "aaa")) | K33: =SUMIFS('근무표(입력)'!$F$3:$F$33, '근무표(입력)'!$C$3:$C$33, $I$1, '근무표(입력)'!$A$3:$A$33, $A33) + SUMIFS('근무표(입력)'!$J$3:$J$33, '근무표(입력)'!$G$3:$G$33, $I$1, '근무표(입력)'!$A$3:$A$33, $A33) + SUMIFS('근무표(입력)'!$N$3:$N$33, '근무표(입력)'!$K$3:$K$33, $I$1, '근무표(입력)'!$A$3:$A$33, $A33) + SUMIFS('근무표(입력)'!$R$3:$R$33, '근무표(입력)'!$O$3:$O$33, $I$1, '근무표(입력)'!$A$3:$A$33, $A33) -> 0 | M33: =IF(M32="","",IF(MONTH(M32+1)<>MONTH($A$3),"",M32+1)) | N33: =IF(M33="","",TEXT(M33, "aaa")) | O33: =SUMIFS('근무표(입력)'!$F$3:$F$33, '근무표(입력)'!$C$3:$C$33, $M$1, '근무표(입력)'!$A$3:$A$33, $A33) + SUMIFS('근무표(입력)'!$J$3:$J$33, '근무표(입력)'!$G$3:$G$33, $M$1, '근무표(입력)'!$A$3:$A$33, $A33) + SUMIFS('근무표(입력)'!$N$3:$N$33, '근무표(입력)'!$K$3:$K$33, $M$1, '근무표(입력)'!$A$3:$A$33, $A33) + SUMIFS('근무표(입력)'!$R$3:$R$33, '근무표(입력)'!$O$3:$O$33, $M$1, '근무표(입력)'!$A$3:$A$33, $A33) -> 0 | Q33: =IF(Q32="","",IF(MONTH(Q32+1)<>MONTH($A$3),"",Q32+1)) | R33: =IF(Q33="","",TEXT(Q33, "aaa")) | S33: =SUMIFS('근무표(입력)'!$F$3:$F$33, '근무표(입력)'!$C$3:$C$33, $Q$1, '근무표(입력)'!$A$3:$A$33, $A33) + SUMIFS('근무표(입력)'!$J$3:$J$33, '근무표(입력)'!$G$3:$G$33, $Q$1, '근무표(입력)'!$A$3:$A$33, $A33) + SUMIFS('근무표(입력)'!$N$3:$N$33, '근무표(입력)'!$K$3:$K$33, $Q$1, '근무표(입력)'!$A$3:$A$33, $A33) + SUMIFS('근무표(입력)'!$R$3:$R$33, '근무표(입력)'!$O$3:$O$33, $Q$1, '근무표(입력)'!$A$3:$A$33, $A33) -> 0 | U33: =IF(U32="","",IF(MONTH(U32+1)<>MONTH($A$3),"",U32+1)) | V33: =IF(U33="","",TEXT(U33, "aaa")) | W33: =SUMIFS('근무표(입력)'!$F$3:$F$33, '근무표(입력)'!$C$3:$C$33, $U$1, '근무표(입력)'!$A$3:$A$33, $A33) + SUMIFS('근무표(입력)'!$J$3:$J$33, '근무표(입력)'!$G$3:$G$33, $U$1, '근무표(입력)'!$A$3:$A$33, $A33) + SUMIFS('근무표(입력)'!$N$3:$N$33, '근무표(입력)'!$K$3:$K$33, $U$1, '근무표(입력)'!$A$3:$A$33, $A33) + SUMIFS('근무표(입력)'!$R$3:$R$33, '근무표(입력)'!$O$3:$O$33, $U$1, '근무표(입력)'!$A$3:$A$33, $A33) -> 0 | Y33: =IF(Y32="","",IF(MONTH(Y32+1)<>MONTH($A$3),"",Y32+1)) | Z33: =IF(Y33="","",TEXT(Y33, "aaa")) | AA33: =SUMIFS('근무표(입력)'!$F$3:$F$33, '근무표(입력)'!$C$3:$C$33, $Y$1, '근무표(입력)'!$A$3:$A$33, $A33) + SUMIFS('근무표(입력)'!$J$3:$J$33, '근무표(입력)'!$G$3:$G$33, $Y$1, '근무표(입력)'!$A$3:$A$33, $A33) + SUMIFS('근무표(입력)'!$N$3:$N$33, '근무표(입력)'!$K$3:$K$33, $Y$1, '근무표(입력)'!$A$3:$A$33, $A33) + SUMIFS('근무표(입력)'!$R$3:$R$33, '근무표(입력)'!$O$3:$O$33, $Y$1, '근무표(입력)'!$A$3:$A$33, $A33) -> 0
A34: 합 계 | C34: =SUM(C3:C33) -> 0 | E34: 합 계 | G34: =SUM(G3:G33) -> 0 | I34: 합 계 | K34: =SUM(K3:K33) -> 0 | M34: 합 계 | O34: =SUM(O3:O33) -> 0 | Q34: 합 계 | S34: =SUM(S3:S33) -> 0 | U34: 합 계 | W34: =SUM(W3:W33) -> 0 | Y34: 합 계 | AA34: =SUM(AA3:AA33) -> 0
A36: ='근무표(입력)'!Y10 -> 0 | E36: ='근무표(입력)'!Y11 -> 0 | I36: ='근무표(입력)'!Y12 -> 0 | M36: ='근무표(입력)'!Y13 -> 0 | Q36: ='근무표(입력)'!Y14 -> 0 | U36: ='근무표(입력)'!Y15 -> 0 | Y36: ='근무표(입력)'!Y16 -> 0
A38: =A3 -> 46054 | B38: =TEXT(A38, "aaa") -> 일 | C38: =SUMIFS('근무표(입력)'!$F$3:$F$33, '근무표(입력)'!$C$3:$C$33, $A$36, '근무표(입력)'!$A$3:$A$33, $A38) + SUMIFS('근무표(입력)'!$J$3:$J$33, '근무표(입력)'!$G$3:$G$33, $A$36, '근무표(입력)'!$A$3:$A$33, $A3) + SUMIFS('근무표(입력)'!$N$3:$N$33, '근무표(입력)'!$K$3:$K$33, $A$36, '근무표(입력)'!$A$3:$A$33, $A3) + SUMIFS('근무표(입력)'!$R$3:$R$33, '근무표(입력)'!$O$3:$O$33, $A$36, '근무표(입력)'!$A$3:$A$33, $A3) -> 0 | E38: =E3 -> 46054 | F38: =TEXT(E38, "aaa") -> 일 | G38: =SUMIFS('근무표(입력)'!$F$3:$F$33, '근무표(입력)'!$C$3:$C$33, $E$36, '근무표(입력)'!$A$3:$A$33, $E38) + SUMIFS('근무표(입력)'!$J$3:$J$33, '근무표(입력)'!$G$3:$G$33, $E$36, '근무표(입력)'!$A$3:$A$33, $A3) + SUMIFS('근무표(입력)'!$N$3:$N$33, '근무표(입력)'!$K$3:$K$33, $E$36, '근무표(입력)'!$A$3:$A$33, $A3) + SUMIFS('근무표(입력)'!$R$3:$R$33, '근무표(입력)'!$O$3:$O$33, $E$36, '근무표(입력)'!$A$3:$A$33, $A3) -> 0 | I38: =I3 -> 46054 | J38: =TEXT(I38, "aaa") -> 일 | K38: =SUMIFS('근무표(입력)'!$F$3:$F$33, '근무표(입력)'!$C$3:$C$33, $I$36, '근무표(입력)'!$A$3:$A$33, $I38) + SUMIFS('근무표(입력)'!$J$3:$J$33, '근무표(입력)'!$G$3:$G$33, $I$36, '근무표(입력)'!$A$3:$A$33, $A3) + SUMIFS('근무표(입력)'!$N$3:$N$33, '근무표(입력)'!$K$3:$K$33, $I$36, '근무표(입력)'!$A$3:$A$33, $A3) + SUMIFS('근무표(입력)'!$R$3:$R$33, '근무표(입력)'!$O$3:$O$33, $I$36, '근무표(입력)'!$A$3:$A$33, $A3) -> 0 | M38: =M3 -> 46054 | N38: =TEXT(M38, "aaa") -> 일 | O38: =SUMIFS('근무표(입력)'!$F$3:$F$33, '근무표(입력)'!$C$3:$C$33, $M$36, '근무표(입력)'!$A$3:$A$33, $M38) + SUMIFS('근무표(입력)'!$J$3:$J$33, '근무표(입력)'!$G$3:$G$33, $M$36, '근무표(입력)'!$A$3:$A$33, $A3) + SUMIFS('근무표(입력)'!$N$3:$N$33, '근무표(입력)'!$K$3:$K$33, $M$36, '근무표(입력)'!$A$3:$A$33, $A3) + SUMIFS('근무표(입력)'!$R$3:$R$33, '근무표(입력)'!$O$3:$O$33, $M$36, '근무표(입력)'!$A$3:$A$33, $A3) -> 0 | Q38: =Q3 -> 46054 | R38: =TEXT(Q38, "aaa") -> 일 | S38: =SUMIFS('근무표(입력)'!$F$3:$F$33, '근무표(입력)'!$C$3:$C$33, $Q$36, '근무표(입력)'!$A$3:$A$33, $Q38) + SUMIFS('근무표(입력)'!$J$3:$J$33, '근무표(입력)'!$G$3:$G$33, $Q$36, '근무표(입력)'!$A$3:$A$33, $A3) + SUMIFS('근무표(입력)'!$N$3:$N$33, '근무표(입력)'!$K$3:$K$33, $Q$36, '근무표(입력)'!$A$3:$A$33, $A3) + SUMIFS('근무표(입력)'!$R$3:$R$33, '근무표(입력)'!$O$3:$O$33, $Q$36, '근무표(입력)'!$A$3:$A$33, $A3) -> 0 | U38: =U3 -> 46054 | V38: =TEXT(U38, "aaa") -> 일 | W38: =SUMIFS('근무표(입력)'!$F$3:$F$33, '근무표(입력)'!$C$3:$C$33, $U$36, '근무표(입력)'!$A$3:$A$33, $U38) + SUMIFS('근무표(입력)'!$J$3:$J$33, '근무표(입력)'!$G$3:$G$33, $U$36, '근무표(입력)'!$A$3:$A$33, $A3) + SUMIFS('근무표(입력)'!$N$3:$N$33, '근무표(입력)'!$K$3:$K$33, $U$36, '근무표(입력)'!$A$3:$A$33, $A3) + SUMIFS('근무표(입력)'!$R$3:$R$33, '근무표(입력)'!$O$3:$O$33, $U$36, '근무표(입력)'!$A$3:$A$33, $A3) -> 0 | Y38: =Y3 -> 46054 | Z38: =TEXT(Y38, "aaa") -> 일 | AA38: =SUMIFS('근무표(입력)'!$F$3:$F$33, '근무표(입력)'!$C$3:$C$33, $Y$36, '근무표(입력)'!$A$3:$A$33, $Y38) + SUMIFS('근무표(입력)'!$J$3:$J$33, '근무표(입력)'!$G$3:$G$33, $Y$36, '근무표(입력)'!$A$3:$A$33, $A3) + SUMIFS('근무표(입력)'!$N$3:$N$33, '근무표(입력)'!$K$3:$K$33, $Y$36, '근무표(입력)'!$A$3:$A$33, $A3) + SUMIFS('근무표(입력)'!$R$3:$R$33, '근무표(입력)'!$O$3:$O$33, $Y$36, '근무표(입력)'!$A$3:$A$33, $A3) -> 0
A39: =IF(A38="","",IF(MONTH(A38+1)<>MONTH($A$3),"",A38+1)) -> 46055 | B39: =IF(A39="","",TEXT(A39, "aaa")) -> 월 | C39: =SUMIFS('근무표(입력)'!$F$3:$F$33, '근무표(입력)'!$C$3:$C$33, $A$36, '근무표(입력)'!$A$3:$A$33, $A39) + SUMIFS('근무표(입력)'!$J$3:$J$33, '근무표(입력)'!$G$3:$G$33, $A$36, '근무표(입력)'!$A$3:$A$33, $A4) + SUMIFS('근무표(입력)'!$N$3:$N$33, '근무표(입력)'!$K$3:$K$33, $A$36, '근무표(입력)'!$A$3:$A$33, $A4) + SUMIFS('근무표(입력)'!$R$3:$R$33, '근무표(입력)'!$O$3:$O$33, $A$36, '근무표(입력)'!$A$3:$A$33, $A4) -> 0 | E39: =IF(E38="","",IF(MONTH(E38+1)<>MONTH($A$3),"",E38+1)) -> 46055 | F39: =IF(E39="","",TEXT(E39, "aaa")) -> 월 | G39: =SUMIFS('근무표(입력)'!$F$3:$F$33, '근무표(입력)'!$C$3:$C$33, $E$36, '근무표(입력)'!$A$3:$A$33, $E39) + SUMIFS('근무표(입력)'!$J$3:$J$33, '근무표(입력)'!$G$3:$G$33, $E$36, '근무표(입력)'!$A$3:$A$33, $A4) + SUMIFS('근무표(입력)'!$N$3:$N$33, '근무표(입력)'!$K$3:$K$33, $E$36, '근무표(입력)'!$A$3:$A$33, $A4) + SUMIFS('근무표(입력)'!$R$3:$R$33, '근무표(입력)'!$O$3:$O$33, $E$36, '근무표(입력)'!$A$3:$A$33, $A4) -> 0 | I39: =IF(I38="","",IF(MONTH(I38+1)<>MONTH($A$3),"",I38+1)) -> 46055 | J39: =IF(I39="","",TEXT(I39, "aaa")) -> 월 | K39: =SUMIFS('근무표(입력)'!$F$3:$F$33, '근무표(입력)'!$C$3:$C$33, $I$36, '근무표(입력)'!$A$3:$A$33, $I39) + SUMIFS('근무표(입력)'!$J$3:$J$33, '근무표(입력)'!$G$3:$G$33, $I$36, '근무표(입력)'!$A$3:$A$33, $A4) + SUMIFS('근무표(입력)'!$N$3:$N$33, '근무표(입력)'!$K$3:$K$33, $I$36, '근무표(입력)'!$A$3:$A$33, $A4) + SUMIFS('근무표(입력)'!$R$3:$R$33, '근무표(입력)'!$O$3:$O$33, $I$36, '근무표(입력)'!$A$3:$A$33, $A4) -> 0 | M39: =IF(M38="","",IF(MONTH(M38+1)<>MONTH($A$3),"",M38+1)) -> 46055 | N39: =IF(M39="","",TEXT(M39, "aaa")) -> 월 | O39: =SUMIFS('근무표(입력)'!$F$3:$F$33, '근무표(입력)'!$C$3:$C$33, $M$36, '근무표(입력)'!$A$3:$A$33, $M39) + SUMIFS('근무표(입력)'!$J$3:$J$33, '근무표(입력)'!$G$3:$G$33, $M$36, '근무표(입력)'!$A$3:$A$33, $A4) + SUMIFS('근무표(입력)'!$N$3:$N$33, '근무표(입력)'!$K$3:$K$33, $M$36, '근무표(입력)'!$A$3:$A$33, $A4) + SUMIFS('근무표(입력)'!$R$3:$R$33, '근무표(입력)'!$O$3:$O$33, $M$36, '근무표(입력)'!$A$3:$A$33, $A4) -> 0 | Q39: =IF(Q38="","",IF(MONTH(Q38+1)<>MONTH($A$3),"",Q38+1)) -> 46055 | R39: =IF(Q39="","",TEXT(Q39, "aaa")) -> 월 | S39: =SUMIFS('근무표(입력)'!$F$3:$F$33, '근무표(입력)'!$C$3:$C$33, $Q$36, '근무표(입력)'!$A$3:$A$33, $Q39) + SUMIFS('근무표(입력)'!$J$3:$J$33, '근무표(입력)'!$G$3:$G$33, $Q$36, '근무표(입력)'!$A$3:$A$33, $A4) + SUMIFS('근무표(입력)'!$N$3:$N$33, '근무표(입력)'!$K$3:$K$33, $Q$36, '근무표(입력)'!$A$3:$A$33, $A4) + SUMIFS('근무표(입력)'!$R$3:$R$33, '근무표(입력)'!$O$3:$O$33, $Q$36, '근무표(입력)'!$A$3:$A$33, $A4) -> 0 | U39: =IF(U38="","",IF(MONTH(U38+1)<>MONTH($A$3),"",U38+1)) -> 46055 | V39: =IF(U39="","",TEXT(U39, "aaa")) -> 월 | W39: =SUMIFS('근무표(입력)'!$F$3:$F$33, '근무표(입력)'!$C$3:$C$33, $U$36, '근무표(입력)'!$A$3:$A$33, $U39) + SUMIFS('근무표(입력)'!$J$3:$J$33, '근무표(입력)'!$G$3:$G$33, $U$36, '근무표(입력)'!$A$3:$A$33, $A4) + SUMIFS('근무표(입력)'!$N$3:$N$33, '근무표(입력)'!$K$3:$K$33, $U$36, '근무표(입력)'!$A$3:$A$33, $A4) + SUMIFS('근무표(입력)'!$R$3:$R$33, '근무표(입력)'!$O$3:$O$33, $U$36, '근무표(입력)'!$A$3:$A$33, $A4) -> 0 | Y39: =IF(Y38="","",IF(MONTH(Y38+1)<>MONTH($A$3),"",Y38+1)) -> 46055 | Z39: =IF(Y39="","",TEXT(Y39, "aaa")) -> 월 | AA39: =SUMIFS('근무표(입력)'!$F$3:$F$33, '근무표(입력)'!$C$3:$C$33, $Y$36, '근무표(입력)'!$A$3:$A$33, $Y39) + SUMIFS('근무표(입력)'!$J$3:$J$33, '근무표(입력)'!$G$3:$G$33, $Y$36, '근무표(입력)'!$A$3:$A$33, $A4) + SUMIFS('근무표(입력)'!$N$3:$N$33, '근무표(입력)'!$K$3:$K$33, $Y$36, '근무표(입력)'!$A$3:$A$33, $A4) + SUMIFS('근무표(입력)'!$R$3:$R$33, '근무표(입력)'!$O$3:$O$33, $Y$36, '근무표(입력)'!$A$3:$A$33, $A4) -> 0
A40: =IF(A39="","",IF(MONTH(A39+1)<>MONTH($A$3),"",A39+1)) -> 46056 | B40: =IF(A40="","",TEXT(A40, "aaa")) -> 화 | C40: =SUMIFS('근무표(입력)'!$F$3:$F$33, '근무표(입력)'!$C$3:$C$33, $A$36, '근무표(입력)'!$A$3:$A$33, $A40) + SUMIFS('근무표(입력)'!$J$3:$J$33, '근무표(입력)'!$G$3:$G$33, $A$36, '근무표(입력)'!$A$3:$A$33, $A5) + SUMIFS('근무표(입력)'!$N$3:$N$33, '근무표(입력)'!$K$3:$K$33, $A$36, '근무표(입력)'!$A$3:$A$33, $A5) + SUMIFS('근무표(입력)'!$R$3:$R$33, '근무표(입력)'!$O$3:$O$33, $A$36, '근무표(입력)'!$A$3:$A$33, $A5) -> 0 | E40: =IF(E39="","",IF(MONTH(E39+1)<>MONTH($A$3),"",E39+1)) -> 46056 | F40: =IF(E40="","",TEXT(E40, "aaa")) -> 화 | G40: =SUMIFS('근무표(입력)'!$F$3:$F$33, '근무표(입력)'!$C$3:$C$33, $E$36, '근무표(입력)'!$A$3:$A$33, $E40) + SUMIFS('근무표(입력)'!$J$3:$J$33, '근무표(입력)'!$G$3:$G$33, $E$36, '근무표(입력)'!$A$3:$A$33, $A5) + SUMIFS('근무표(입력)'!$N$3:$N$33, '근무표(입력)'!$K$3:$K$33, $E$36, '근무표(입력)'!$A$3:$A$33, $A5) + SUMIFS('근무표(입력)'!$R$3:$R$33, '근무표(입력)'!$O$3:$O$33, $E$36, '근무표(입력)'!$A$3:$A$33, $A5) -> 0 | I40: =IF(I39="","",IF(MONTH(I39+1)<>MONTH($A$3),"",I39+1)) -> 46056 | J40: =IF(I40="","",TEXT(I40, "aaa")) -> 화 | K40: =SUMIFS('근무표(입력)'!$F$3:$F$33, '근무표(입력)'!$C$3:$C$33, $I$36, '근무표(입력)'!$A$3:$A$33, $I40) + SUMIFS('근무표(입력)'!$J$3:$J$33, '근무표(입력)'!$G$3:$G$33, $I$36, '근무표(입력)'!$A$3:$A$33, $A5) + SUMIFS('근무표(입력)'!$N$3:$N$33, '근무표(입력)'!$K$3:$K$33, $I$36, '근무표(입력)'!$A$3:$A$33, $A5) + SUMIFS('근무표(입력)'!$R$3:$R$33, '근무표(입력)'!$O$3:$O$33, $I$36, '근무표(입력)'!$A$3:$A$33, $A5) -> 0 | M40: =IF(M39="","",IF(MONTH(M39+1)<>MONTH($A$3),"",M39+1)) -> 46056 | N40: =IF(M40="","",TEXT(M40, "aaa")) -> 화 | O40: =SUMIFS('근무표(입력)'!$F$3:$F$33, '근무표(입력)'!$C$3:$C$33, $M$36, '근무표(입력)'!$A$3:$A$33, $M40) + SUMIFS('근무표(입력)'!$J$3:$J$33, '근무표(입력)'!$G$3:$G$33, $M$36, '근무표(입력)'!$A$3:$A$33, $A5) + SUMIFS('근무표(입력)'!$N$3:$N$33, '근무표(입력)'!$K$3:$K$33, $M$36, '근무표(입력)'!$A$3:$A$33, $A5) + SUMIFS('근무표(입력)'!$R$3:$R$33, '근무표(입력)'!$O$3:$O$33, $M$36, '근무표(입력)'!$A$3:$A$33, $A5) -> 0 | Q40: =IF(Q39="","",IF(MONTH(Q39+1)<>MONTH($A$3),"",Q39+1)) -> 46056 | R40: =IF(Q40="","",TEXT(Q40, "aaa")) -> 화 | S40: =SUMIFS('근무표(입력)'!$F$3:$F$33, '근무표(입력)'!$C$3:$C$33, $Q$36, '근무표(입력)'!$A$3:$A$33, $Q40) + SUMIFS('근무표(입력)'!$J$3:$J$33, '근무표(입력)'!$G$3:$G$33, $Q$36, '근무표(입력)'!$A$3:$A$33, $A5) + SUMIFS('근무표(입력)'!$N$3:$N$33, '근무표(입력)'!$K$3:$K$33, $Q$36, '근무표(입력)'!$A$3:$A$33, $A5) + SUMIFS('근무표(입력)'!$R$3:$R$33, '근무표(입력)'!$O$3:$O$33, $Q$36, '근무표(입력)'!$A$3:$A$33, $A5) -> 0 | U40: =IF(U39="","",IF(MONTH(U39+1)<>MONTH($A$3),"",U39+1)) -> 46056 | V40: =IF(U40="","",TEXT(U40, "aaa")) -> 화 | W40: =SUMIFS('근무표(입력)'!$F$3:$F$33, '근무표(입력)'!$C$3:$C$33, $U$36, '근무표(입력)'!$A$3:$A$33, $U40) + SUMIFS('근무표(입력)'!$J$3:$J$33, '근무표(입력)'!$G$3:$G$33, $U$36, '근무표(입력)'!$A$3:$A$33, $A5) + SUMIFS('근무표(입력)'!$N$3:$N$33, '근무표(입력)'!$K$3:$K$33, $U$36, '근무표(입력)'!$A$3:$A$33, $A5) + SUMIFS('근무표(입력)'!$R$3:$R$33, '근무표(입력)'!$O$3:$O$33, $U$36, '근무표(입력)'!$A$3:$A$33, $A5) -> 0 | Y40: =IF(Y39="","",IF(MONTH(Y39+1)<>MONTH($A$3),"",Y39+1)) -> 46056 | Z40: =IF(Y40="","",TEXT(Y40, "aaa")) -> 화 | AA40: =SUMIFS('근무표(입력)'!$F$3:$F$33, '근무표(입력)'!$C$3:$C$33, $Y$36, '근무표(입력)'!$A$3:$A$33, $Y40) + SUMIFS('근무표(입력)'!$J$3:$J$33, '근무표(입력)'!$G$3:$G$33, $Y$36, '근무표(입력)'!$A$3:$A$33, $A5) + SUMIFS('근무표(입력)'!$N$3:$N$33, '근무표(입력)'!$K$3:$K$33, $Y$36, '근무표(입력)'!$A$3:$A$33, $A5) + SUMIFS('근무표(입력)'!$R$3:$R$33, '근무표(입력)'!$O$3:$O$33, $Y$36, '근무표(입력)'!$A$3:$A$33, $A5) -> 0
A41: =IF(A40="","",IF(MONTH(A40+1)<>MONTH($A$3),"",A40+1)) -> 46057 | B41: =IF(A41="","",TEXT(A41, "aaa")) -> 수 | C41: =SUMIFS('근무표(입력)'!$F$3:$F$33, '근무표(입력)'!$C$3:$C$33, $A$36, '근무표(입력)'!$A$3:$A$33, $A41) + SUMIFS('근무표(입력)'!$J$3:$J$33, '근무표(입력)'!$G$3:$G$33, $A$36, '근무표(입력)'!$A$3:$A$33, $A6) + SUMIFS('근무표(입력)'!$N$3:$N$33, '근무표(입력)'!$K$3:$K$33, $A$36, '근무표(입력)'!$A$3:$A$33, $A6) + SUMIFS('근무표(입력)'!$R$3:$R$33, '근무표(입력)'!$O$3:$O$33, $A$36, '근무표(입력)'!$A$3:$A$33, $A6) -> 0 | E41: =IF(E40="","",IF(MONTH(E40+1)<>MONTH($A$3),"",E40+1)) -> 46057 | F41: =IF(E41="","",TEXT(E41, "aaa")) -> 수 | G41: =SUMIFS('근무표(입력)'!$F$3:$F$33, '근무표(입력)'!$C$3:$C$33, $E$36, '근무표(입력)'!$A$3:$A$33, $E41) + SUMIFS('근무표(입력)'!$J$3:$J$33, '근무표(입력)'!$G$3:$G$33, $E$36, '근무표(입력)'!$A$3:$A$33, $A6) + SUMIFS('근무표(입력)'!$N$3:$N$33, '근무표(입력)'!$K$3:$K$33, $E$36, '근무표(입력)'!$A$3:$A$33, $A6) + SUMIFS('근무표(입력)'!$R$3:$R$33, '근무표(입력)'!$O$3:$O$33, $E$36, '근무표(입력)'!$A$3:$A$33, $A6) -> 0 | I41: =IF(I40="","",IF(MONTH(I40+1)<>MONTH($A$3),"",I40+1)) -> 46057 | J41: =IF(I41="","",TEXT(I41, "aaa")) -> 수 | K41: =SUMIFS('근무표(입력)'!$F$3:$F$33, '근무표(입력)'!$C$3:$C$33, $I$36, '근무표(입력)'!$A$3:$A$33, $I41) + SUMIFS('근무표(입력)'!$J$3:$J$33, '근무표(입력)'!$G$3:$G$33, $I$36, '근무표(입력)'!$A$3:$A$33, $A6) + SUMIFS('근무표(입력)'!$N$3:$N$33, '근무표(입력)'!$K$3:$K$33, $I$36, '근무표(입력)'!$A$3:$A$33, $A6) + SUMIFS('근무표(입력)'!$R$3:$R$33, '근무표(입력)'!$O$3:$O$33, $I$36, '근무표(입력)'!$A$3:$A$33, $A6) -> 0 | M41: =IF(M40="","",IF(MONTH(M40+1)<>MONTH($A$3),"",M40+1)) -> 46057 | N41: =IF(M41="","",TEXT(M41, "aaa")) -> 수 | O41: =SUMIFS('근무표(입력)'!$F$3:$F$33, '근무표(입력)'!$C$3:$C$33, $M$36, '근무표(입력)'!$A$3:$A$33, $M41) + SUMIFS('근무표(입력)'!$J$3:$J$33, '근무표(입력)'!$G$3:$G$33, $M$36, '근무표(입력)'!$A$3:$A$33, $A6) + SUMIFS('근무표(입력)'!$N$3:$N$33, '근무표(입력)'!$K$3:$K$33, $M$36, '근무표(입력)'!$A$3:$A$33, $A6) + SUMIFS('근무표(입력)'!$R$3:$R$33, '근무표(입력)'!$O$3:$O$33, $M$36, '근무표(입력)'!$A$3:$A$33, $A6) -> 0 | Q41: =IF(Q40="","",IF(MONTH(Q40+1)<>MONTH($A$3),"",Q40+1)) -> 46057 | R41: =IF(Q41="","",TEXT(Q41, "aaa")) -> 수 | S41: =SUMIFS('근무표(입력)'!$F$3:$F$33, '근무표(입력)'!$C$3:$C$33, $Q$36, '근무표(입력)'!$A$3:$A$33, $Q41) + SUMIFS('근무표(입력)'!$J$3:$J$33, '근무표(입력)'!$G$3:$G$33, $Q$36, '근무표(입력)'!$A$3:$A$33, $A6) + SUMIFS('근무표(입력)'!$N$3:$N$33, '근무표(입력)'!$K$3:$K$33, $Q$36, '근무표(입력)'!$A$3:$A$33, $A6) + SUMIFS('근무표(입력)'!$R$3:$R$33, '근무표(입력)'!$O$3:$O$33, $Q$36, '근무표(입력)'!$A$3:$A$33, $A6) -> 0 | U41: =IF(U40="","",IF(MONTH(U40+1)<>MONTH($A$3),"",U40+1)) -> 46057 | V41: =IF(U41="","",TEXT(U41, "aaa")) -> 수 | W41: =SUMIFS('근무표(입력)'!$F$3:$F$33, '근무표(입력)'!$C$3:$C$33, $U$36, '근무표(입력)'!$A$3:$A$33, $U41) + SUMIFS('근무표(입력)'!$J$3:$J$33, '근무표(입력)'!$G$3:$G$33, $U$36, '근무표(입력)'!$A$3:$A$33, $A6) + SUMIFS('근무표(입력)'!$N$3:$N$33, '근무표(입력)'!$K$3:$K$33, $U$36, '근무표(입력)'!$A$3:$A$33, $A6) + SUMIFS('근무표(입력)'!$R$3:$R$33, '근무표(입력)'!$O$3:$O$33, $U$36, '근무표(입력)'!$A$3:$A$33, $A6) -> 0 | Y41: =IF(Y40="","",IF(MONTH(Y40+1)<>MONTH($A$3),"",Y40+1)) -> 46057 | Z41: =IF(Y41="","",TEXT(Y41, "aaa")) -> 수 | AA41: =SUMIFS('근무표(입력)'!$F$3:$F$33, '근무표(입력)'!$C$3:$C$33, $Y$36, '근무표(입력)'!$A$3:$A$33, $Y41) + SUMIFS('근무표(입력)'!$J$3:$J$33, '근무표(입력)'!$G$3:$G$33, $Y$36, '근무표(입력)'!$A$3:$A$33, $A6) + SUMIFS('근무표(입력)'!$N$3:$N$33, '근무표(입력)'!$K$3:$K$33, $Y$36, '근무표(입력)'!$A$3:$A$33, $A6) + SUMIFS('근무표(입력)'!$R$3:$R$33, '근무표(입력)'!$O$3:$O$33, $Y$36, '근무표(입력)'!$A$3:$A$33, $A6) -> 0
A42: =IF(A41="","",IF(MONTH(A41+1)<>MONTH($A$3),"",A41+1)) -> 46058 | B42: =IF(A42="","",TEXT(A42, "aaa")) -> 목 | C42: =SUMIFS('근무표(입력)'!$F$3:$F$33, '근무표(입력)'!$C$3:$C$33, $A$36, '근무표(입력)'!$A$3:$A$33, $A42) + SUMIFS('근무표(입력)'!$J$3:$J$33, '근무표(입력)'!$G$3:$G$33, $A$36, '근무표(입력)'!$A$3:$A$33, $A7) + SUMIFS('근무표(입력)'!$N$3:$N$33, '근무표(입력)'!$K$3:$K$33, $A$36, '근무표(입력)'!$A$3:$A$33, $A7) + SUMIFS('근무표(입력)'!$R$3:$R$33, '근무표(입력)'!$O$3:$O$33, $A$36, '근무표(입력)'!$A$3:$A$33, $A7) -> 0 | E42: =IF(E41="","",IF(MONTH(E41+1)<>MONTH($A$3),"",E41+1)) -> 46058 | F42: =IF(E42="","",TEXT(E42, "aaa")) -> 목 | G42: =SUMIFS('근무표(입력)'!$F$3:$F$33, '근무표(입력)'!$C$3:$C$33, $E$36, '근무표(입력)'!$A$3:$A$33, $E42) + SUMIFS('근무표(입력)'!$J$3:$J$33, '근무표(입력)'!$G$3:$G$33, $E$36, '근무표(입력)'!$A$3:$A$33, $A7) + SUMIFS('근무표(입력)'!$N$3:$N$33, '근무표(입력)'!$K$3:$K$33, $E$36, '근무표(입력)'!$A$3:$A$33, $A7) + SUMIFS('근무표(입력)'!$R$3:$R$33, '근무표(입력)'!$O$3:$O$33, $E$36, '근무표(입력)'!$A$3:$A$33, $A7) -> 0 | I42: =IF(I41="","",IF(MONTH(I41+1)<>MONTH($A$3),"",I41+1)) -> 46058 | J42: =IF(I42="","",TEXT(I42, "aaa")) -> 목 | K42: =SUMIFS('근무표(입력)'!$F$3:$F$33, '근무표(입력)'!$C$3:$C$33, $I$36, '근무표(입력)'!$A$3:$A$33, $I42) + SUMIFS('근무표(입력)'!$J$3:$J$33, '근무표(입력)'!$G$3:$G$33, $I$36, '근무표(입력)'!$A$3:$A$33, $A7) + SUMIFS('근무표(입력)'!$N$3:$N$33, '근무표(입력)'!$K$3:$K$33, $I$36, '근무표(입력)'!$A$3:$A$33, $A7) + SUMIFS('근무표(입력)'!$R$3:$R$33, '근무표(입력)'!$O$3:$O$33, $I$36, '근무표(입력)'!$A$3:$A$33, $A7) -> 0 | M42: =IF(M41="","",IF(MONTH(M41+1)<>MONTH($A$3),"",M41+1)) -> 46058 | N42: =IF(M42="","",TEXT(M42, "aaa")) -> 목 | O42: =SUMIFS('근무표(입력)'!$F$3:$F$33, '근무표(입력)'!$C$3:$C$33, $M$36, '근무표(입력)'!$A$3:$A$33, $M42) + SUMIFS('근무표(입력)'!$J$3:$J$33, '근무표(입력)'!$G$3:$G$33, $M$36, '근무표(입력)'!$A$3:$A$33, $A7) + SUMIFS('근무표(입력)'!$N$3:$N$33, '근무표(입력)'!$K$3:$K$33, $M$36, '근무표(입력)'!$A$3:$A$33, $A7) + SUMIFS('근무표(입력)'!$R$3:$R$33, '근무표(입력)'!$O$3:$O$33, $M$36, '근무표(입력)'!$A$3:$A$33, $A7) -> 0 | Q42: =IF(Q41="","",IF(MONTH(Q41+1)<>MONTH($A$3),"",Q41+1)) -> 46058 | R42: =IF(Q42="","",TEXT(Q42, "aaa")) -> 목 | S42: =SUMIFS('근무표(입력)'!$F$3:$F$33, '근무표(입력)'!$C$3:$C$33, $Q$36, '근무표(입력)'!$A$3:$A$33, $Q42) + SUMIFS('근무표(입력)'!$J$3:$J$33, '근무표(입력)'!$G$3:$G$33, $Q$36, '근무표(입력)'!$A$3:$A$33, $A7) + SUMIFS('근무표(입력)'!$N$3:$N$33, '근무표(입력)'!$K$3:$K$33, $Q$36, '근무표(입력)'!$A$3:$A$33, $A7) + SUMIFS('근무표(입력)'!$R$3:$R$33, '근무표(입력)'!$O$3:$O$33, $Q$36, '근무표(입력)'!$A$3:$A$33, $A7) -> 0 | U42: =IF(U41="","",IF(MONTH(U41+1)<>MONTH($A$3),"",U41+1)) -> 46058 | V42: =IF(U42="","",TEXT(U42, "aaa")) -> 목 | W42: =SUMIFS('근무표(입력)'!$F$3:$F$33, '근무표(입력)'!$C$3:$C$33, $U$36, '근무표(입력)'!$A$3:$A$33, $U42) + SUMIFS('근무표(입력)'!$J$3:$J$33, '근무표(입력)'!$G$3:$G$33, $U$36, '근무표(입력)'!$A$3:$A$33, $A7) + SUMIFS('근무표(입력)'!$N$3:$N$33, '근무표(입력)'!$K$3:$K$33, $U$36, '근무표(입력)'!$A$3:$A$33, $A7) + SUMIFS('근무표(입력)'!$R$3:$R$33, '근무표(입력)'!$O$3:$O$33, $U$36, '근무표(입력)'!$A$3:$A$33, $A7) -> 0 | Y42: =IF(Y41="","",IF(MONTH(Y41+1)<>MONTH($A$3),"",Y41+1)) -> 46058 | Z42: =IF(Y42="","",TEXT(Y42, "aaa")) -> 목 | AA42: =SUMIFS('근무표(입력)'!$F$3:$F$33, '근무표(입력)'!$C$3:$C$33, $Y$36, '근무표(입력)'!$A$3:$A$33, $Y42) + SUMIFS('근무표(입력)'!$J$3:$J$33, '근무표(입력)'!$G$3:$G$33, $Y$36, '근무표(입력)'!$A$3:$A$33, $A7) + SUMIFS('근무표(입력)'!$N$3:$N$33, '근무표(입력)'!$K$3:$K$33, $Y$36, '근무표(입력)'!$A$3:$A$33, $A7) + SUMIFS('근무표(입력)'!$R$3:$R$33, '근무표(입력)'!$O$3:$O$33, $Y$36, '근무표(입력)'!$A$3:$A$33, $A7) -> 0
A43: =IF(A42="","",IF(MONTH(A42+1)<>MONTH($A$3),"",A42+1)) -> 46059 | B43: =IF(A43="","",TEXT(A43, "aaa")) -> 금 | C43: =SUMIFS('근무표(입력)'!$F$3:$F$33, '근무표(입력)'!$C$3:$C$33, $A$36, '근무표(입력)'!$A$3:$A$33, $A43) + SUMIFS('근무표(입력)'!$J$3:$J$33, '근무표(입력)'!$G$3:$G$33, $A$36, '근무표(입력)'!$A$3:$A$33, $A8) + SUMIFS('근무표(입력)'!$N$3:$N$33, '근무표(입력)'!$K$3:$K$33, $A$36, '근무표(입력)'!$A$3:$A$33, $A8) + SUMIFS('근무표(입력)'!$R$3:$R$33, '근무표(입력)'!$O$3:$O$33, $A$36, '근무표(입력)'!$A$3:$A$33, $A8) -> 0 | E43: =IF(E42="","",IF(MONTH(E42+1)<>MONTH($A$3),"",E42+1)) -> 46059 | F43: =IF(E43="","",TEXT(E43, "aaa")) -> 금 | G43: =SUMIFS('근무표(입력)'!$F$3:$F$33, '근무표(입력)'!$C$3:$C$33, $E$36, '근무표(입력)'!$A$3:$A$33, $E43) + SUMIFS('근무표(입력)'!$J$3:$J$33, '근무표(입력)'!$G$3:$G$33, $E$36, '근무표(입력)'!$A$3:$A$33, $A8) + SUMIFS('근무표(입력)'!$N$3:$N$33, '근무표(입력)'!$K$3:$K$33, $E$36, '근무표(입력)'!$A$3:$A$33, $A8) + SUMIFS('근무표(입력)'!$R$3:$R$33, '근무표(입력)'!$O$3:$O$33, $E$36, '근무표(입력)'!$A$3:$A$33, $A8) -> 0 | I43: =IF(I42="","",IF(MONTH(I42+1)<>MONTH($A$3),"",I42+1)) -> 46059 | J43: =IF(I43="","",TEXT(I43, "aaa")) -> 금 | K43: =SUMIFS('근무표(입력)'!$F$3:$F$33, '근무표(입력)'!$C$3:$C$33, $I$36, '근무표(입력)'!$A$3:$A$33, $I43) + SUMIFS('근무표(입력)'!$J$3:$J$33, '근무표(입력)'!$G$3:$G$33, $I$36, '근무표(입력)'!$A$3:$A$33, $A8) + SUMIFS('근무표(입력)'!$N$3:$N$33, '근무표(입력)'!$K$3:$K$33, $I$36, '근무표(입력)'!$A$3:$A$33, $A8) + SUMIFS('근무표(입력)'!$R$3:$R$33, '근무표(입력)'!$O$3:$O$33, $I$36, '근무표(입력)'!$A$3:$A$33, $A8) -> 0 | M43: =IF(M42="","",IF(MONTH(M42+1)<>MONTH($A$3),"",M42+1)) -> 46059 | N43: =IF(M43="","",TEXT(M43, "aaa")) -> 금 | O43: =SUMIFS('근무표(입력)'!$F$3:$F$33, '근무표(입력)'!$C$3:$C$33, $M$36, '근무표(입력)'!$A$3:$A$33, $M43) + SUMIFS('근무표(입력)'!$J$3:$J$33, '근무표(입력)'!$G$3:$G$33, $M$36, '근무표(입력)'!$A$3:$A$33, $A8) + SUMIFS('근무표(입력)'!$N$3:$N$33, '근무표(입력)'!$K$3:$K$33, $M$36, '근무표(입력)'!$A$3:$A$33, $A8) + SUMIFS('근무표(입력)'!$R$3:$R$33, '근무표(입력)'!$O$3:$O$33, $M$36, '근무표(입력)'!$A$3:$A$33, $A8) -> 0 | Q43: =IF(Q42="","",IF(MONTH(Q42+1)<>MONTH($A$3),"",Q42+1)) -> 46059 | R43: =IF(Q43="","",TEXT(Q43, "aaa")) -> 금 | S43: =SUMIFS('근무표(입력)'!$F$3:$F$33, '근무표(입력)'!$C$3:$C$33, $Q$36, '근무표(입력)'!$A$3:$A$33, $Q43) + SUMIFS('근무표(입력)'!$J$3:$J$33, '근무표(입력)'!$G$3:$G$33, $Q$36, '근무표(입력)'!$A$3:$A$33, $A8) + SUMIFS('근무표(입력)'!$N$3:$N$33, '근무표(입력)'!$K$3:$K$33, $Q$36, '근무표(입력)'!$A$3:$A$33, $A8) + SUMIFS('근무표(입력)'!$R$3:$R$33, '근무표(입력)'!$O$3:$O$33, $Q$36, '근무표(입력)'!$A$3:$A$33, $A8) -> 0 | U43: =IF(U42="","",IF(MONTH(U42+1)<>MONTH($A$3),"",U42+1)) -> 46059 | V43: =IF(U43="","",TEXT(U43, "aaa")) -> 금 | W43: =SUMIFS('근무표(입력)'!$F$3:$F$33, '근무표(입력)'!$C$3:$C$33, $U$36, '근무표(입력)'!$A$3:$A$33, $U43) + SUMIFS('근무표(입력)'!$J$3:$J$33, '근무표(입력)'!$G$3:$G$33, $U$36, '근무표(입력)'!$A$3:$A$33, $A8) + SUMIFS('근무표(입력)'!$N$3:$N$33, '근무표(입력)'!$K$3:$K$33, $U$36, '근무표(입력)'!$A$3:$A$33, $A8) + SUMIFS('근무표(입력)'!$R$3:$R$33, '근무표(입력)'!$O$3:$O$33, $U$36, '근무표(입력)'!$A$3:$A$33, $A8) -> 0 | Y43: =IF(Y42="","",IF(MONTH(Y42+1)<>MONTH($A$3),"",Y42+1)) -> 46059 | Z43: =IF(Y43="","",TEXT(Y43, "aaa")) -> 금 | AA43: =SUMIFS('근무표(입력)'!$F$3:$F$33, '근무표(입력)'!$C$3:$C$33, $Y$36, '근무표(입력)'!$A$3:$A$33, $Y43) + SUMIFS('근무표(입력)'!$J$3:$J$33, '근무표(입력)'!$G$3:$G$33, $Y$36, '근무표(입력)'!$A$3:$A$33, $A8) + SUMIFS('근무표(입력)'!$N$3:$N$33, '근무표(입력)'!$K$3:$K$33, $Y$36, '근무표(입력)'!$A$3:$A$33, $A8) + SUMIFS('근무표(입력)'!$R$3:$R$33, '근무표(입력)'!$O$3:$O$33, $Y$36, '근무표(입력)'!$A$3:$A$33, $A8) -> 0
A44: =IF(A43="","",IF(MONTH(A43+1)<>MONTH($A$3),"",A43+1)) -> 46060 | B44: =IF(A44="","",TEXT(A44, "aaa")) -> 토 | C44: =SUMIFS('근무표(입력)'!$F$3:$F$33, '근무표(입력)'!$C$3:$C$33, $A$36, '근무표(입력)'!$A$3:$A$33, $A44) + SUMIFS('근무표(입력)'!$J$3:$J$33, '근무표(입력)'!$G$3:$G$33, $A$36, '근무표(입력)'!$A$3:$A$33, $A9) + SUMIFS('근무표(입력)'!$N$3:$N$33, '근무표(입력)'!$K$3:$K$33, $A$36, '근무표(입력)'!$A$3:$A$33, $A9) + SUMIFS('근무표(입력)'!$R$3:$R$33, '근무표(입력)'!$O$3:$O$33, $A$36, '근무표(입력)'!$A$3:$A$33, $A9) -> 0 | E44: =IF(E43="","",IF(MONTH(E43+1)<>MONTH($A$3),"",E43+1)) -> 46060 | F44: =IF(E44="","",TEXT(E44, "aaa")) -> 토 | G44: =SUMIFS('근무표(입력)'!$F$3:$F$33, '근무표(입력)'!$C$3:$C$33, $E$36, '근무표(입력)'!$A$3:$A$33, $E44) + SUMIFS('근무표(입력)'!$J$3:$J$33, '근무표(입력)'!$G$3:$G$33, $E$36, '근무표(입력)'!$A$3:$A$33, $A9) + SUMIFS('근무표(입력)'!$N$3:$N$33, '근무표(입력)'!$K$3:$K$33, $E$36, '근무표(입력)'!$A$3:$A$33, $A9) + SUMIFS('근무표(입력)'!$R$3:$R$33, '근무표(입력)'!$O$3:$O$33, $E$36, '근무표(입력)'!$A$3:$A$33, $A9) -> 0 | I44: =IF(I43="","",IF(MONTH(I43+1)<>MONTH($A$3),"",I43+1)) -> 46060 | J44: =IF(I44="","",TEXT(I44, "aaa")) -> 토 | K44: =SUMIFS('근무표(입력)'!$F$3:$F$33, '근무표(입력)'!$C$3:$C$33, $I$36, '근무표(입력)'!$A$3:$A$33, $I44) + SUMIFS('근무표(입력)'!$J$3:$J$33, '근무표(입력)'!$G$3:$G$33, $I$36, '근무표(입력)'!$A$3:$A$33, $A9) + SUMIFS('근무표(입력)'!$N$3:$N$33, '근무표(입력)'!$K$3:$K$33, $I$36, '근무표(입력)'!$A$3:$A$33, $A9) + SUMIFS('근무표(입력)'!$R$3:$R$33, '근무표(입력)'!$O$3:$O$33, $I$36, '근무표(입력)'!$A$3:$A$33, $A9) -> 0 | M44: =IF(M43="","",IF(MONTH(M43+1)<>MONTH($A$3),"",M43+1)) -> 46060 | N44: =IF(M44="","",TEXT(M44, "aaa")) -> 토 | O44: =SUMIFS('근무표(입력)'!$F$3:$F$33, '근무표(입력)'!$C$3:$C$33, $M$36, '근무표(입력)'!$A$3:$A$33, $M44) + SUMIFS('근무표(입력)'!$J$3:$J$33, '근무표(입력)'!$G$3:$G$33, $M$36, '근무표(입력)'!$A$3:$A$33, $A9) + SUMIFS('근무표(입력)'!$N$3:$N$33, '근무표(입력)'!$K$3:$K$33, $M$36, '근무표(입력)'!$A$3:$A$33, $A9) + SUMIFS('근무표(입력)'!$R$3:$R$33, '근무표(입력)'!$O$3:$O$33, $M$36, '근무표(입력)'!$A$3:$A$33, $A9) -> 0 | Q44: =IF(Q43="","",IF(MONTH(Q43+1)<>MONTH($A$3),"",Q43+1)) -> 46060 | R44: =IF(Q44="","",TEXT(Q44, "aaa")) -> 토 | S44: =SUMIFS('근무표(입력)'!$F$3:$F$33, '근무표(입력)'!$C$3:$C$33, $Q$36, '근무표(입력)'!$A$3:$A$33, $Q44) + SUMIFS('근무표(입력)'!$J$3:$J$33, '근무표(입력)'!$G$3:$G$33, $Q$36, '근무표(입력)'!$A$3:$A$33, $A9) + SUMIFS('근무표(입력)'!$N$3:$N$33, '근무표(입력)'!$K$3:$K$33, $Q$36, '근무표(입력)'!$A$3:$A$33, $A9) + SUMIFS('근무표(입력)'!$R$3:$R$33, '근무표(입력)'!$O$3:$O$33, $Q$36, '근무표(입력)'!$A$3:$A$33, $A9) -> 0 | U44: =IF(U43="","",IF(MONTH(U43+1)<>MONTH($A$3),"",U43+1)) -> 46060 | V44: =IF(U44="","",TEXT(U44, "aaa")) -> 토 | W44: =SUMIFS('근무표(입력)'!$F$3:$F$33, '근무표(입력)'!$C$3:$C$33, $U$36, '근무표(입력)'!$A$3:$A$33, $U44) + SUMIFS('근무표(입력)'!$J$3:$J$33, '근무표(입력)'!$G$3:$G$33, $U$36, '근무표(입력)'!$A$3:$A$33, $A9) + SUMIFS('근무표(입력)'!$N$3:$N$33, '근무표(입력)'!$K$3:$K$33, $U$36, '근무표(입력)'!$A$3:$A$33, $A9) + SUMIFS('근무표(입력)'!$R$3:$R$33, '근무표(입력)'!$O$3:$O$33, $U$36, '근무표(입력)'!$A$3:$A$33, $A9) -> 0 | Y44: =IF(Y43="","",IF(MONTH(Y43+1)<>MONTH($A$3),"",Y43+1)) -> 46060 | Z44: =IF(Y44="","",TEXT(Y44, "aaa")) -> 토 | AA44: =SUMIFS('근무표(입력)'!$F$3:$F$33, '근무표(입력)'!$C$3:$C$33, $Y$36, '근무표(입력)'!$A$3:$A$33, $Y44) + SUMIFS('근무표(입력)'!$J$3:$J$33, '근무표(입력)'!$G$3:$G$33, $Y$36, '근무표(입력)'!$A$3:$A$33, $A9) + SUMIFS('근무표(입력)'!$N$3:$N$33, '근무표(입력)'!$K$3:$K$33, $Y$36, '근무표(입력)'!$A$3:$A$33, $A9) + SUMIFS('근무표(입력)'!$R$3:$R$33, '근무표(입력)'!$O$3:$O$33, $Y$36, '근무표(입력)'!$A$3:$A$33, $A9) -> 0
A45: =IF(A44="","",IF(MONTH(A44+1)<>MONTH($A$3),"",A44+1)) -> 46061 | B45: =IF(A45="","",TEXT(A45, "aaa")) -> 일 | C45: =SUMIFS('근무표(입력)'!$F$3:$F$33, '근무표(입력)'!$C$3:$C$33, $A$36, '근무표(입력)'!$A$3:$A$33, $A45) + SUMIFS('근무표(입력)'!$J$3:$J$33, '근무표(입력)'!$G$3:$G$33, $A$36, '근무표(입력)'!$A$3:$A$33, $A10) + SUMIFS('근무표(입력)'!$N$3:$N$33, '근무표(입력)'!$K$3:$K$33, $A$36, '근무표(입력)'!$A$3:$A$33, $A10) + SUMIFS('근무표(입력)'!$R$3:$R$33, '근무표(입력)'!$O$3:$O$33, $A$36, '근무표(입력)'!$A$3:$A$33, $A10) -> 0 | E45: =IF(E44="","",IF(MONTH(E44+1)<>MONTH($A$3),"",E44+1)) -> 46061 | F45: =IF(E45="","",TEXT(E45, "aaa")) -> 일 | G45: =SUMIFS('근무표(입력)'!$F$3:$F$33, '근무표(입력)'!$C$3:$C$33, $E$36, '근무표(입력)'!$A$3:$A$33, $E45) + SUMIFS('근무표(입력)'!$J$3:$J$33, '근무표(입력)'!$G$3:$G$33, $E$36, '근무표(입력)'!$A$3:$A$33, $A10) + SUMIFS('근무표(입력)'!$N$3:$N$33, '근무표(입력)'!$K$3:$K$33, $E$36, '근무표(입력)'!$A$3:$A$33, $A10) + SUMIFS('근무표(입력)'!$R$3:$R$33, '근무표(입력)'!$O$3:$O$33, $E$36, '근무표(입력)'!$A$3:$A$33, $A10) -> 0 | I45: =IF(I44="","",IF(MONTH(I44+1)<>MONTH($A$3),"",I44+1)) -> 46061 | J45: =IF(I45="","",TEXT(I45, "aaa")) -> 일 | K45: =SUMIFS('근무표(입력)'!$F$3:$F$33, '근무표(입력)'!$C$3:$C$33, $I$36, '근무표(입력)'!$A$3:$A$33, $I45) + SUMIFS('근무표(입력)'!$J$3:$J$33, '근무표(입력)'!$G$3:$G$33, $I$36, '근무표(입력)'!$A$3:$A$33, $A10) + SUMIFS('근무표(입력)'!$N$3:$N$33, '근무표(입력)'!$K$3:$K$33, $I$36, '근무표(입력)'!$A$3:$A$33, $A10) + SUMIFS('근무표(입력)'!$R$3:$R$33, '근무표(입력)'!$O$3:$O$33, $I$36, '근무표(입력)'!$A$3:$A$33, $A10) -> 0 | M45: =IF(M44="","",IF(MONTH(M44+1)<>MONTH($A$3),"",M44+1)) -> 46061 | N45: =IF(M45="","",TEXT(M45, "aaa")) -> 일 | O45: =SUMIFS('근무표(입력)'!$F$3:$F$33, '근무표(입력)'!$C$3:$C$33, $M$36, '근무표(입력)'!$A$3:$A$33, $M45) + SUMIFS('근무표(입력)'!$J$3:$J$33, '근무표(입력)'!$G$3:$G$33, $M$36, '근무표(입력)'!$A$3:$A$33, $A10) + SUMIFS('근무표(입력)'!$N$3:$N$33, '근무표(입력)'!$K$3:$K$33, $M$36, '근무표(입력)'!$A$3:$A$33, $A10) + SUMIFS('근무표(입력)'!$R$3:$R$33, '근무표(입력)'!$O$3:$O$33, $M$36, '근무표(입력)'!$A$3:$A$33, $A10) -> 0 | Q45: =IF(Q44="","",IF(MONTH(Q44+1)<>MONTH($A$3),"",Q44+1)) -> 46061 | R45: =IF(Q45="","",TEXT(Q45, "aaa")) -> 일 | S45: =SUMIFS('근무표(입력)'!$F$3:$F$33, '근무표(입력)'!$C$3:$C$33, $Q$36, '근무표(입력)'!$A$3:$A$33, $Q45) + SUMIFS('근무표(입력)'!$J$3:$J$33, '근무표(입력)'!$G$3:$G$33, $Q$36, '근무표(입력)'!$A$3:$A$33, $A10) + SUMIFS('근무표(입력)'!$N$3:$N$33, '근무표(입력)'!$K$3:$K$33, $Q$36, '근무표(입력)'!$A$3:$A$33, $A10) + SUMIFS('근무표(입력)'!$R$3:$R$33, '근무표(입력)'!$O$3:$O$33, $Q$36, '근무표(입력)'!$A$3:$A$33, $A10) -> 0 | U45: =IF(U44="","",IF(MONTH(U44+1)<>MONTH($A$3),"",U44+1)) -> 46061 | V45: =IF(U45="","",TEXT(U45, "aaa")) -> 일 | W45: =SUMIFS('근무표(입력)'!$F$3:$F$33, '근무표(입력)'!$C$3:$C$33, $U$36, '근무표(입력)'!$A$3:$A$33, $U45) + SUMIFS('근무표(입력)'!$J$3:$J$33, '근무표(입력)'!$G$3:$G$33, $U$36, '근무표(입력)'!$A$3:$A$33, $A10) + SUMIFS('근무표(입력)'!$N$3:$N$33, '근무표(입력)'!$K$3:$K$33, $U$36, '근무표(입력)'!$A$3:$A$33, $A10) + SUMIFS('근무표(입력)'!$R$3:$R$33, '근무표(입력)'!$O$3:$O$33, $U$36, '근무표(입력)'!$A$3:$A$33, $A10) -> 0 | Y45: =IF(Y44="","",IF(MONTH(Y44+1)<>MONTH($A$3),"",Y44+1)) -> 46061 | Z45: =IF(Y45="","",TEXT(Y45, "aaa")) -> 일 | AA45: =SUMIFS('근무표(입력)'!$F$3:$F$33, '근무표(입력)'!$C$3:$C$33, $Y$36, '근무표(입력)'!$A$3:$A$33, $Y45) + SUMIFS('근무표(입력)'!$J$3:$J$33, '근무표(입력)'!$G$3:$G$33, $Y$36, '근무표(입력)'!$A$3:$A$33, $A10) + SUMIFS('근무표(입력)'!$N$3:$N$33, '근무표(입력)'!$K$3:$K$33, $Y$36, '근무표(입력)'!$A$3:$A$33, $A10) + SUMIFS('근무표(입력)'!$R$3:$R$33, '근무표(입력)'!$O$3:$O$33, $Y$36, '근무표(입력)'!$A$3:$A$33, $A10) -> 0
A46: =IF(A45="","",IF(MONTH(A45+1)<>MONTH($A$3),"",A45+1)) -> 46062 | B46: =IF(A46="","",TEXT(A46, "aaa")) -> 월 | C46: =SUMIFS('근무표(입력)'!$F$3:$F$33, '근무표(입력)'!$C$3:$C$33, $A$36, '근무표(입력)'!$A$3:$A$33, $A46) + SUMIFS('근무표(입력)'!$J$3:$J$33, '근무표(입력)'!$G$3:$G$33, $A$36, '근무표(입력)'!$A$3:$A$33, $A11) + SUMIFS('근무표(입력)'!$N$3:$N$33, '근무표(입력)'!$K$3:$K$33, $A$36, '근무표(입력)'!$A$3:$A$33, $A11) + SUMIFS('근무표(입력)'!$R$3:$R$33, '근무표(입력)'!$O$3:$O$33, $A$36, '근무표(입력)'!$A$3:$A$33, $A11) -> 0 | E46: =IF(E45="","",IF(MONTH(E45+1)<>MONTH($A$3),"",E45+1)) -> 46062 | F46: =IF(E46="","",TEXT(E46, "aaa")) -> 월 | G46: =SUMIFS('근무표(입력)'!$F$3:$F$33, '근무표(입력)'!$C$3:$C$33, $E$36, '근무표(입력)'!$A$3:$A$33, $E46) + SUMIFS('근무표(입력)'!$J$3:$J$33, '근무표(입력)'!$G$3:$G$33, $E$36, '근무표(입력)'!$A$3:$A$33, $A11) + SUMIFS('근무표(입력)'!$N$3:$N$33, '근무표(입력)'!$K$3:$K$33, $E$36, '근무표(입력)'!$A$3:$A$33, $A11) + SUMIFS('근무표(입력)'!$R$3:$R$33, '근무표(입력)'!$O$3:$O$33, $E$36, '근무표(입력)'!$A$3:$A$33, $A11) -> 0 | I46: =IF(I45="","",IF(MONTH(I45+1)<>MONTH($A$3),"",I45+1)) -> 46062 | J46: =IF(I46="","",TEXT(I46, "aaa")) -> 월 | K46: =SUMIFS('근무표(입력)'!$F$3:$F$33, '근무표(입력)'!$C$3:$C$33, $I$36, '근무표(입력)'!$A$3:$A$33, $I46) + SUMIFS('근무표(입력)'!$J$3:$J$33, '근무표(입력)'!$G$3:$G$33, $I$36, '근무표(입력)'!$A$3:$A$33, $A11) + SUMIFS('근무표(입력)'!$N$3:$N$33, '근무표(입력)'!$K$3:$K$33, $I$36, '근무표(입력)'!$A$3:$A$33, $A11) + SUMIFS('근무표(입력)'!$R$3:$R$33, '근무표(입력)'!$O$3:$O$33, $I$36, '근무표(입력)'!$A$3:$A$33, $A11) -> 0 | M46: =IF(M45="","",IF(MONTH(M45+1)<>MONTH($A$3),"",M45+1)) -> 46062 | N46: =IF(M46="","",TEXT(M46, "aaa")) -> 월 | O46: =SUMIFS('근무표(입력)'!$F$3:$F$33, '근무표(입력)'!$C$3:$C$33, $M$36, '근무표(입력)'!$A$3:$A$33, $M46) + SUMIFS('근무표(입력)'!$J$3:$J$33, '근무표(입력)'!$G$3:$G$33, $M$36, '근무표(입력)'!$A$3:$A$33, $A11) + SUMIFS('근무표(입력)'!$N$3:$N$33, '근무표(입력)'!$K$3:$K$33, $M$36, '근무표(입력)'!$A$3:$A$33, $A11) + SUMIFS('근무표(입력)'!$R$3:$R$33, '근무표(입력)'!$O$3:$O$33, $M$36, '근무표(입력)'!$A$3:$A$33, $A11) -> 0 | Q46: =IF(Q45="","",IF(MONTH(Q45+1)<>MONTH($A$3),"",Q45+1)) -> 46062 | R46: =IF(Q46="","",TEXT(Q46, "aaa")) -> 월 | S46: =SUMIFS('근무표(입력)'!$F$3:$F$33, '근무표(입력)'!$C$3:$C$33, $Q$36, '근무표(입력)'!$A$3:$A$33, $Q46) + SUMIFS('근무표(입력)'!$J$3:$J$33, '근무표(입력)'!$G$3:$G$33, $Q$36, '근무표(입력)'!$A$3:$A$33, $A11) + SUMIFS('근무표(입력)'!$N$3:$N$33, '근무표(입력)'!$K$3:$K$33, $Q$36, '근무표(입력)'!$A$3:$A$33, $A11) + SUMIFS('근무표(입력)'!$R$3:$R$33, '근무표(입력)'!$O$3:$O$33, $Q$36, '근무표(입력)'!$A$3:$A$33, $A11) -> 0 | U46: =IF(U45="","",IF(MONTH(U45+1)<>MONTH($A$3),"",U45+1)) -> 46062 | V46: =IF(U46="","",TEXT(U46, "aaa")) -> 월 | W46: =SUMIFS('근무표(입력)'!$F$3:$F$33, '근무표(입력)'!$C$3:$C$33, $U$36, '근무표(입력)'!$A$3:$A$33, $U46) + SUMIFS('근무표(입력)'!$J$3:$J$33, '근무표(입력)'!$G$3:$G$33, $U$36, '근무표(입력)'!$A$3:$A$33, $A11) + SUMIFS('근무표(입력)'!$N$3:$N$33, '근무표(입력)'!$K$3:$K$33, $U$36, '근무표(입력)'!$A$3:$A$33, $A11) + SUMIFS('근무표(입력)'!$R$3:$R$33, '근무표(입력)'!$O$3:$O$33, $U$36, '근무표(입력)'!$A$3:$A$33, $A11) -> 0 | Y46: =IF(Y45="","",IF(MONTH(Y45+1)<>MONTH($A$3),"",Y45+1)) -> 46062 | Z46: =IF(Y46="","",TEXT(Y46, "aaa")) -> 월 | AA46: =SUMIFS('근무표(입력)'!$F$3:$F$33, '근무표(입력)'!$C$3:$C$33, $Y$36, '근무표(입력)'!$A$3:$A$33, $Y46) + SUMIFS('근무표(입력)'!$J$3:$J$33, '근무표(입력)'!$G$3:$G$33, $Y$36, '근무표(입력)'!$A$3:$A$33, $A11) + SUMIFS('근무표(입력)'!$N$3:$N$33, '근무표(입력)'!$K$3:$K$33, $Y$36, '근무표(입력)'!$A$3:$A$33, $A11) + SUMIFS('근무표(입력)'!$R$3:$R$33, '근무표(입력)'!$O$3:$O$33, $Y$36, '근무표(입력)'!$A$3:$A$33, $A11) -> 0
A47: =IF(A46="","",IF(MONTH(A46+1)<>MONTH($A$3),"",A46+1)) -> 46063 | B47: =IF(A47="","",TEXT(A47, "aaa")) -> 화 | C47: =SUMIFS('근무표(입력)'!$F$3:$F$33, '근무표(입력)'!$C$3:$C$33, $A$36, '근무표(입력)'!$A$3:$A$33, $A47) + SUMIFS('근무표(입력)'!$J$3:$J$33, '근무표(입력)'!$G$3:$G$33, $A$36, '근무표(입력)'!$A$3:$A$33, $A12) + SUMIFS('근무표(입력)'!$N$3:$N$33, '근무표(입력)'!$K$3:$K$33, $A$36, '근무표(입력)'!$A$3:$A$33, $A12) + SUMIFS('근무표(입력)'!$R$3:$R$33, '근무표(입력)'!$O$3:$O$33, $A$36, '근무표(입력)'!$A$3:$A$33, $A12) -> 0 | E47: =IF(E46="","",IF(MONTH(E46+1)<>MONTH($A$3),"",E46+1)) -> 46063 | F47: =IF(E47="","",TEXT(E47, "aaa")) -> 화 | G47: =SUMIFS('근무표(입력)'!$F$3:$F$33, '근무표(입력)'!$C$3:$C$33, $E$36, '근무표(입력)'!$A$3:$A$33, $E47) + SUMIFS('근무표(입력)'!$J$3:$J$33, '근무표(입력)'!$G$3:$G$33, $E$36, '근무표(입력)'!$A$3:$A$33, $A12) + SUMIFS('근무표(입력)'!$N$3:$N$33, '근무표(입력)'!$K$3:$K$33, $E$36, '근무표(입력)'!$A$3:$A$33, $A12) + SUMIFS('근무표(입력)'!$R$3:$R$33, '근무표(입력)'!$O$3:$O$33, $E$36, '근무표(입력)'!$A$3:$A$33, $A12) -> 0 | I47: =IF(I46="","",IF(MONTH(I46+1)<>MONTH($A$3),"",I46+1)) -> 46063 | J47: =IF(I47="","",TEXT(I47, "aaa")) -> 화 | K47: =SUMIFS('근무표(입력)'!$F$3:$F$33, '근무표(입력)'!$C$3:$C$33, $I$36, '근무표(입력)'!$A$3:$A$33, $I47) + SUMIFS('근무표(입력)'!$J$3:$J$33, '근무표(입력)'!$G$3:$G$33, $I$36, '근무표(입력)'!$A$3:$A$33, $A12) + SUMIFS('근무표(입력)'!$N$3:$N$33, '근무표(입력)'!$K$3:$K$33, $I$36, '근무표(입력)'!$A$3:$A$33, $A12) + SUMIFS('근무표(입력)'!$R$3:$R$33, '근무표(입력)'!$O$3:$O$33, $I$36, '근무표(입력)'!$A$3:$A$33, $A12) -> 0 | M47: =IF(M46="","",IF(MONTH(M46+1)<>MONTH($A$3),"",M46+1)) -> 46063 | N47: =IF(M47="","",TEXT(M47, "aaa")) -> 화 | O47: =SUMIFS('근무표(입력)'!$F$3:$F$33, '근무표(입력)'!$C$3:$C$33, $M$36, '근무표(입력)'!$A$3:$A$33, $M47) + SUMIFS('근무표(입력)'!$J$3:$J$33, '근무표(입력)'!$G$3:$G$33, $M$36, '근무표(입력)'!$A$3:$A$33, $A12) + SUMIFS('근무표(입력)'!$N$3:$N$33, '근무표(입력)'!$K$3:$K$33, $M$36, '근무표(입력)'!$A$3:$A$33, $A12) + SUMIFS('근무표(입력)'!$R$3:$R$33, '근무표(입력)'!$O$3:$O$33, $M$36, '근무표(입력)'!$A$3:$A$33, $A12) -> 0 | Q47: =IF(Q46="","",IF(MONTH(Q46+1)<>MONTH($A$3),"",Q46+1)) -> 46063 | R47: =IF(Q47="","",TEXT(Q47, "aaa")) -> 화 | S47: =SUMIFS('근무표(입력)'!$F$3:$F$33, '근무표(입력)'!$C$3:$C$33, $Q$36, '근무표(입력)'!$A$3:$A$33, $Q47) + SUMIFS('근무표(입력)'!$J$3:$J$33, '근무표(입력)'!$G$3:$G$33, $Q$36, '근무표(입력)'!$A$3:$A$33, $A12) + SUMIFS('근무표(입력)'!$N$3:$N$33, '근무표(입력)'!$K$3:$K$33, $Q$36, '근무표(입력)'!$A$3:$A$33, $A12) + SUMIFS('근무표(입력)'!$R$3:$R$33, '근무표(입력)'!$O$3:$O$33, $Q$36, '근무표(입력)'!$A$3:$A$33, $A12) -> 0 | U47: =IF(U46="","",IF(MONTH(U46+1)<>MONTH($A$3),"",U46+1)) -> 46063 | V47: =IF(U47="","",TEXT(U47, "aaa")) -> 화 | W47: =SUMIFS('근무표(입력)'!$F$3:$F$33, '근무표(입력)'!$C$3:$C$33, $U$36, '근무표(입력)'!$A$3:$A$33, $U47) + SUMIFS('근무표(입력)'!$J$3:$J$33, '근무표(입력)'!$G$3:$G$33, $U$36, '근무표(입력)'!$A$3:$A$33, $A12) + SUMIFS('근무표(입력)'!$N$3:$N$33, '근무표(입력)'!$K$3:$K$33, $U$36, '근무표(입력)'!$A$3:$A$33, $A12) + SUMIFS('근무표(입력)'!$R$3:$R$33, '근무표(입력)'!$O$3:$O$33, $U$36, '근무표(입력)'!$A$3:$A$33, $A12) -> 0 | Y47: =IF(Y46="","",IF(MONTH(Y46+1)<>MONTH($A$3),"",Y46+1)) -> 46063 | Z47: =IF(Y47="","",TEXT(Y47, "aaa")) -> 화 | AA47: =SUMIFS('근무표(입력)'!$F$3:$F$33, '근무표(입력)'!$C$3:$C$33, $Y$36, '근무표(입력)'!$A$3:$A$33, $Y47) + SUMIFS('근무표(입력)'!$J$3:$J$33, '근무표(입력)'!$G$3:$G$33, $Y$36, '근무표(입력)'!$A$3:$A$33, $A12) + SUMIFS('근무표(입력)'!$N$3:$N$33, '근무표(입력)'!$K$3:$K$33, $Y$36, '근무표(입력)'!$A$3:$A$33, $A12) + SUMIFS('근무표(입력)'!$R$3:$R$33, '근무표(입력)'!$O$3:$O$33, $Y$36, '근무표(입력)'!$A$3:$A$33, $A12) -> 0
A48: =IF(A47="","",IF(MONTH(A47+1)<>MONTH($A$3),"",A47+1)) -> 46064 | B48: =IF(A48="","",TEXT(A48, "aaa")) -> 수 | C48: =SUMIFS('근무표(입력)'!$F$3:$F$33, '근무표(입력)'!$C$3:$C$33, $A$36, '근무표(입력)'!$A$3:$A$33, $A48) + SUMIFS('근무표(입력)'!$J$3:$J$33, '근무표(입력)'!$G$3:$G$33, $A$36, '근무표(입력)'!$A$3:$A$33, $A13) + SUMIFS('근무표(입력)'!$N$3:$N$33, '근무표(입력)'!$K$3:$K$33, $A$36, '근무표(입력)'!$A$3:$A$33, $A13) + SUMIFS('근무표(입력)'!$R$3:$R$33, '근무표(입력)'!$O$3:$O$33, $A$36, '근무표(입력)'!$A$3:$A$33, $A13) -> 0 | E48: =IF(E47="","",IF(MONTH(E47+1)<>MONTH($A$3),"",E47+1)) -> 46064 | F48: =IF(E48="","",TEXT(E48, "aaa")) -> 수 | G48: =SUMIFS('근무표(입력)'!$F$3:$F$33, '근무표(입력)'!$C$3:$C$33, $E$36, '근무표(입력)'!$A$3:$A$33, $E48) + SUMIFS('근무표(입력)'!$J$3:$J$33, '근무표(입력)'!$G$3:$G$33, $E$36, '근무표(입력)'!$A$3:$A$33, $A13) + SUMIFS('근무표(입력)'!$N$3:$N$33, '근무표(입력)'!$K$3:$K$33, $E$36, '근무표(입력)'!$A$3:$A$33, $A13) + SUMIFS('근무표(입력)'!$R$3:$R$33, '근무표(입력)'!$O$3:$O$33, $E$36, '근무표(입력)'!$A$3:$A$33, $A13) -> 0 | I48: =IF(I47="","",IF(MONTH(I47+1)<>MONTH($A$3),"",I47+1)) -> 46064 | J48: =IF(I48="","",TEXT(I48, "aaa")) -> 수 | K48: =SUMIFS('근무표(입력)'!$F$3:$F$33, '근무표(입력)'!$C$3:$C$33, $I$36, '근무표(입력)'!$A$3:$A$33, $I48) + SUMIFS('근무표(입력)'!$J$3:$J$33, '근무표(입력)'!$G$3:$G$33, $I$36, '근무표(입력)'!$A$3:$A$33, $A13) + SUMIFS('근무표(입력)'!$N$3:$N$33, '근무표(입력)'!$K$3:$K$33, $I$36, '근무표(입력)'!$A$3:$A$33, $A13) + SUMIFS('근무표(입력)'!$R$3:$R$33, '근무표(입력)'!$O$3:$O$33, $I$36, '근무표(입력)'!$A$3:$A$33, $A13) -> 0 | M48: =IF(M47="","",IF(MONTH(M47+1)<>MONTH($A$3),"",M47+1)) -> 46064 | N48: =IF(M48="","",TEXT(M48, "aaa")) -> 수 | O48: =SUMIFS('근무표(입력)'!$F$3:$F$33, '근무표(입력)'!$C$3:$C$33, $M$36, '근무표(입력)'!$A$3:$A$33, $M48) + SUMIFS('근무표(입력)'!$J$3:$J$33, '근무표(입력)'!$G$3:$G$33, $M$36, '근무표(입력)'!$A$3:$A$33, $A13) + SUMIFS('근무표(입력)'!$N$3:$N$33, '근무표(입력)'!$K$3:$K$33, $M$36, '근무표(입력)'!$A$3:$A$33, $A13) + SUMIFS('근무표(입력)'!$R$3:$R$33, '근무표(입력)'!$O$3:$O$33, $M$36, '근무표(입력)'!$A$3:$A$33, $A13) -> 0 | Q48: =IF(Q47="","",IF(MONTH(Q47+1)<>MONTH($A$3),"",Q47+1)) -> 46064 | R48: =IF(Q48="","",TEXT(Q48, "aaa")) -> 수 | S48: =SUMIFS('근무표(입력)'!$F$3:$F$33, '근무표(입력)'!$C$3:$C$33, $Q$36, '근무표(입력)'!$A$3:$A$33, $Q48) + SUMIFS('근무표(입력)'!$J$3:$J$33, '근무표(입력)'!$G$3:$G$33, $Q$36, '근무표(입력)'!$A$3:$A$33, $A13) + SUMIFS('근무표(입력)'!$N$3:$N$33, '근무표(입력)'!$K$3:$K$33, $Q$36, '근무표(입력)'!$A$3:$A$33, $A13) + SUMIFS('근무표(입력)'!$R$3:$R$33, '근무표(입력)'!$O$3:$O$33, $Q$36, '근무표(입력)'!$A$3:$A$33, $A13) -> 0 | U48: =IF(U47="","",IF(MONTH(U47+1)<>MONTH($A$3),"",U47+1)) -> 46064 | V48: =IF(U48="","",TEXT(U48, "aaa")) -> 수 | W48: =SUMIFS('근무표(입력)'!$F$3:$F$33, '근무표(입력)'!$C$3:$C$33, $U$36, '근무표(입력)'!$A$3:$A$33, $U48) + SUMIFS('근무표(입력)'!$J$3:$J$33, '근무표(입력)'!$G$3:$G$33, $U$36, '근무표(입력)'!$A$3:$A$33, $A13) + SUMIFS('근무표(입력)'!$N$3:$N$33, '근무표(입력)'!$K$3:$K$33, $U$36, '근무표(입력)'!$A$3:$A$33, $A13) + SUMIFS('근무표(입력)'!$R$3:$R$33, '근무표(입력)'!$O$3:$O$33, $U$36, '근무표(입력)'!$A$3:$A$33, $A13) -> 0 | Y48: =IF(Y47="","",IF(MONTH(Y47+1)<>MONTH($A$3),"",Y47+1)) -> 46064 | Z48: =IF(Y48="","",TEXT(Y48, "aaa")) -> 수 | AA48: =SUMIFS('근무표(입력)'!$F$3:$F$33, '근무표(입력)'!$C$3:$C$33, $Y$36, '근무표(입력)'!$A$3:$A$33, $Y48) + SUMIFS('근무표(입력)'!$J$3:$J$33, '근무표(입력)'!$G$3:$G$33, $Y$36, '근무표(입력)'!$A$3:$A$33, $A13) + SUMIFS('근무표(입력)'!$N$3:$N$33, '근무표(입력)'!$K$3:$K$33, $Y$36, '근무표(입력)'!$A$3:$A$33, $A13) + SUMIFS('근무표(입력)'!$R$3:$R$33, '근무표(입력)'!$O$3:$O$33, $Y$36, '근무표(입력)'!$A$3:$A$33, $A13) -> 0
A49: =IF(A48="","",IF(MONTH(A48+1)<>MONTH($A$3),"",A48+1)) -> 46065 | B49: =IF(A49="","",TEXT(A49, "aaa")) -> 목 | C49: =SUMIFS('근무표(입력)'!$F$3:$F$33, '근무표(입력)'!$C$3:$C$33, $A$36, '근무표(입력)'!$A$3:$A$33, $A49) + SUMIFS('근무표(입력)'!$J$3:$J$33, '근무표(입력)'!$G$3:$G$33, $A$36, '근무표(입력)'!$A$3:$A$33, $A14) + SUMIFS('근무표(입력)'!$N$3:$N$33, '근무표(입력)'!$K$3:$K$33, $A$36, '근무표(입력)'!$A$3:$A$33, $A14) + SUMIFS('근무표(입력)'!$R$3:$R$33, '근무표(입력)'!$O$3:$O$33, $A$36, '근무표(입력)'!$A$3:$A$33, $A14) -> 0 | E49: =IF(E48="","",IF(MONTH(E48+1)<>MONTH($A$3),"",E48+1)) -> 46065 | F49: =IF(E49="","",TEXT(E49, "aaa")) -> 목 | G49: =SUMIFS('근무표(입력)'!$F$3:$F$33, '근무표(입력)'!$C$3:$C$33, $E$36, '근무표(입력)'!$A$3:$A$33, $E49) + SUMIFS('근무표(입력)'!$J$3:$J$33, '근무표(입력)'!$G$3:$G$33, $E$36, '근무표(입력)'!$A$3:$A$33, $A14) + SUMIFS('근무표(입력)'!$N$3:$N$33, '근무표(입력)'!$K$3:$K$33, $E$36, '근무표(입력)'!$A$3:$A$33, $A14) + SUMIFS('근무표(입력)'!$R$3:$R$33, '근무표(입력)'!$O$3:$O$33, $E$36, '근무표(입력)'!$A$3:$A$33, $A14) -> 0 | I49: =IF(I48="","",IF(MONTH(I48+1)<>MONTH($A$3),"",I48+1)) -> 46065 | J49: =IF(I49="","",TEXT(I49, "aaa")) -> 목 | K49: =SUMIFS('근무표(입력)'!$F$3:$F$33, '근무표(입력)'!$C$3:$C$33, $I$36, '근무표(입력)'!$A$3:$A$33, $I49) + SUMIFS('근무표(입력)'!$J$3:$J$33, '근무표(입력)'!$G$3:$G$33, $I$36, '근무표(입력)'!$A$3:$A$33, $A14) + SUMIFS('근무표(입력)'!$N$3:$N$33, '근무표(입력)'!$K$3:$K$33, $I$36, '근무표(입력)'!$A$3:$A$33, $A14) + SUMIFS('근무표(입력)'!$R$3:$R$33, '근무표(입력)'!$O$3:$O$33, $I$36, '근무표(입력)'!$A$3:$A$33, $A14) -> 0 | M49: =IF(M48="","",IF(MONTH(M48+1)<>MONTH($A$3),"",M48+1)) -> 46065 | N49: =IF(M49="","",TEXT(M49, "aaa")) -> 목 | O49: =SUMIFS('근무표(입력)'!$F$3:$F$33, '근무표(입력)'!$C$3:$C$33, $M$36, '근무표(입력)'!$A$3:$A$33, $M49) + SUMIFS('근무표(입력)'!$J$3:$J$33, '근무표(입력)'!$G$3:$G$33, $M$36, '근무표(입력)'!$A$3:$A$33, $A14) + SUMIFS('근무표(입력)'!$N$3:$N$33, '근무표(입력)'!$K$3:$K$33, $M$36, '근무표(입력)'!$A$3:$A$33, $A14) + SUMIFS('근무표(입력)'!$R$3:$R$33, '근무표(입력)'!$O$3:$O$33, $M$36, '근무표(입력)'!$A$3:$A$33, $A14) -> 0 | Q49: =IF(Q48="","",IF(MONTH(Q48+1)<>MONTH($A$3),"",Q48+1)) -> 46065 | R49: =IF(Q49="","",TEXT(Q49, "aaa")) -> 목 | S49: =SUMIFS('근무표(입력)'!$F$3:$F$33, '근무표(입력)'!$C$3:$C$33, $Q$36, '근무표(입력)'!$A$3:$A$33, $Q49) + SUMIFS('근무표(입력)'!$J$3:$J$33, '근무표(입력)'!$G$3:$G$33, $Q$36, '근무표(입력)'!$A$3:$A$33, $A14) + SUMIFS('근무표(입력)'!$N$3:$N$33, '근무표(입력)'!$K$3:$K$33, $Q$36, '근무표(입력)'!$A$3:$A$33, $A14) + SUMIFS('근무표(입력)'!$R$3:$R$33, '근무표(입력)'!$O$3:$O$33, $Q$36, '근무표(입력)'!$A$3:$A$33, $A14) -> 0 | U49: =IF(U48="","",IF(MONTH(U48+1)<>MONTH($A$3),"",U48+1)) -> 46065 | V49: =IF(U49="","",TEXT(U49, "aaa")) -> 목 | W49: =SUMIFS('근무표(입력)'!$F$3:$F$33, '근무표(입력)'!$C$3:$C$33, $U$36, '근무표(입력)'!$A$3:$A$33, $U49) + SUMIFS('근무표(입력)'!$J$3:$J$33, '근무표(입력)'!$G$3:$G$33, $U$36, '근무표(입력)'!$A$3:$A$33, $A14) + SUMIFS('근무표(입력)'!$N$3:$N$33, '근무표(입력)'!$K$3:$K$33, $U$36, '근무표(입력)'!$A$3:$A$33, $A14) + SUMIFS('근무표(입력)'!$R$3:$R$33, '근무표(입력)'!$O$3:$O$33, $U$36, '근무표(입력)'!$A$3:$A$33, $A14) -> 0 | Y49: =IF(Y48="","",IF(MONTH(Y48+1)<>MONTH($A$3),"",Y48+1)) -> 46065 | Z49: =IF(Y49="","",TEXT(Y49, "aaa")) -> 목 | AA49: =SUMIFS('근무표(입력)'!$F$3:$F$33, '근무표(입력)'!$C$3:$C$33, $Y$36, '근무표(입력)'!$A$3:$A$33, $Y49) + SUMIFS('근무표(입력)'!$J$3:$J$33, '근무표(입력)'!$G$3:$G$33, $Y$36, '근무표(입력)'!$A$3:$A$33, $A14) + SUMIFS('근무표(입력)'!$N$3:$N$33, '근무표(입력)'!$K$3:$K$33, $Y$36, '근무표(입력)'!$A$3:$A$33, $A14) + SUMIFS('근무표(입력)'!$R$3:$R$33, '근무표(입력)'!$O$3:$O$33, $Y$36, '근무표(입력)'!$A$3:$A$33, $A14) -> 0
A50: =IF(A49="","",IF(MONTH(A49+1)<>MONTH($A$3),"",A49+1)) -> 46066 | B50: =IF(A50="","",TEXT(A50, "aaa")) -> 금 | C50: =SUMIFS('근무표(입력)'!$F$3:$F$33, '근무표(입력)'!$C$3:$C$33, $A$36, '근무표(입력)'!$A$3:$A$33, $A50) + SUMIFS('근무표(입력)'!$J$3:$J$33, '근무표(입력)'!$G$3:$G$33, $A$36, '근무표(입력)'!$A$3:$A$33, $A15) + SUMIFS('근무표(입력)'!$N$3:$N$33, '근무표(입력)'!$K$3:$K$33, $A$36, '근무표(입력)'!$A$3:$A$33, $A15) + SUMIFS('근무표(입력)'!$R$3:$R$33, '근무표(입력)'!$O$3:$O$33, $A$36, '근무표(입력)'!$A$3:$A$33, $A15) -> 0 | E50: =IF(E49="","",IF(MONTH(E49+1)<>MONTH($A$3),"",E49+1)) -> 46066 | F50: =IF(E50="","",TEXT(E50, "aaa")) -> 금 | G50: =SUMIFS('근무표(입력)'!$F$3:$F$33, '근무표(입력)'!$C$3:$C$33, $E$36, '근무표(입력)'!$A$3:$A$33, $E50) + SUMIFS('근무표(입력)'!$J$3:$J$33, '근무표(입력)'!$G$3:$G$33, $E$36, '근무표(입력)'!$A$3:$A$33, $A15) + SUMIFS('근무표(입력)'!$N$3:$N$33, '근무표(입력)'!$K$3:$K$33, $E$36, '근무표(입력)'!$A$3:$A$33, $A15) + SUMIFS('근무표(입력)'!$R$3:$R$33, '근무표(입력)'!$O$3:$O$33, $E$36, '근무표(입력)'!$A$3:$A$33, $A15) -> 0 | I50: =IF(I49="","",IF(MONTH(I49+1)<>MONTH($A$3),"",I49+1)) -> 46066 | J50: =IF(I50="","",TEXT(I50, "aaa")) -> 금 | K50: =SUMIFS('근무표(입력)'!$F$3:$F$33, '근무표(입력)'!$C$3:$C$33, $I$36, '근무표(입력)'!$A$3:$A$33, $I50) + SUMIFS('근무표(입력)'!$J$3:$J$33, '근무표(입력)'!$G$3:$G$33, $I$36, '근무표(입력)'!$A$3:$A$33, $A15) + SUMIFS('근무표(입력)'!$N$3:$N$33, '근무표(입력)'!$K$3:$K$33, $I$36, '근무표(입력)'!$A$3:$A$33, $A15) + SUMIFS('근무표(입력)'!$R$3:$R$33, '근무표(입력)'!$O$3:$O$33, $I$36, '근무표(입력)'!$A$3:$A$33, $A15) -> 0 | M50: =IF(M49="","",IF(MONTH(M49+1)<>MONTH($A$3),"",M49+1)) -> 46066 | N50: =IF(M50="","",TEXT(M50, "aaa")) -> 금 | O50: =SUMIFS('근무표(입력)'!$F$3:$F$33, '근무표(입력)'!$C$3:$C$33, $M$36, '근무표(입력)'!$A$3:$A$33, $M50) + SUMIFS('근무표(입력)'!$J$3:$J$33, '근무표(입력)'!$G$3:$G$33, $M$36, '근무표(입력)'!$A$3:$A$33, $A15) + SUMIFS('근무표(입력)'!$N$3:$N$33, '근무표(입력)'!$K$3:$K$33, $M$36, '근무표(입력)'!$A$3:$A$33, $A15) + SUMIFS('근무표(입력)'!$R$3:$R$33, '근무표(입력)'!$O$3:$O$33, $M$36, '근무표(입력)'!$A$3:$A$33, $A15) -> 0 | Q50: =IF(Q49="","",IF(MONTH(Q49+1)<>MONTH($A$3),"",Q49+1)) -> 46066 | R50: =IF(Q50="","",TEXT(Q50, "aaa")) -> 금 | S50: =SUMIFS('근무표(입력)'!$F$3:$F$33, '근무표(입력)'!$C$3:$C$33, $Q$36, '근무표(입력)'!$A$3:$A$33, $Q50) + SUMIFS('근무표(입력)'!$J$3:$J$33, '근무표(입력)'!$G$3:$G$33, $Q$36, '근무표(입력)'!$A$3:$A$33, $A15) + SUMIFS('근무표(입력)'!$N$3:$N$33, '근무표(입력)'!$K$3:$K$33, $Q$36, '근무표(입력)'!$A$3:$A$33, $A15) + SUMIFS('근무표(입력)'!$R$3:$R$33, '근무표(입력)'!$O$3:$O$33, $Q$36, '근무표(입력)'!$A$3:$A$33, $A15) -> 0 | U50: =IF(U49="","",IF(MONTH(U49+1)<>MONTH($A$3),"",U49+1)) -> 46066 | V50: =IF(U50="","",TEXT(U50, "aaa")) -> 금 | W50: =SUMIFS('근무표(입력)'!$F$3:$F$33, '근무표(입력)'!$C$3:$C$33, $U$36, '근무표(입력)'!$A$3:$A$33, $U50) + SUMIFS('근무표(입력)'!$J$3:$J$33, '근무표(입력)'!$G$3:$G$33, $U$36, '근무표(입력)'!$A$3:$A$33, $A15) + SUMIFS('근무표(입력)'!$N$3:$N$33, '근무표(입력)'!$K$3:$K$33, $U$36, '근무표(입력)'!$A$3:$A$33, $A15) + SUMIFS('근무표(입력)'!$R$3:$R$33, '근무표(입력)'!$O$3:$O$33, $U$36, '근무표(입력)'!$A$3:$A$33, $A15) -> 0 | Y50: =IF(Y49="","",IF(MONTH(Y49+1)<>MONTH($A$3),"",Y49+1)) -> 46066 | Z50: =IF(Y50="","",TEXT(Y50, "aaa")) -> 금 | AA50: =SUMIFS('근무표(입력)'!$F$3:$F$33, '근무표(입력)'!$C$3:$C$33, $Y$36, '근무표(입력)'!$A$3:$A$33, $Y50) + SUMIFS('근무표(입력)'!$J$3:$J$33, '근무표(입력)'!$G$3:$G$33, $Y$36, '근무표(입력)'!$A$3:$A$33, $A15) + SUMIFS('근무표(입력)'!$N$3:$N$33, '근무표(입력)'!$K$3:$K$33, $Y$36, '근무표(입력)'!$A$3:$A$33, $A15) + SUMIFS('근무표(입력)'!$R$3:$R$33, '근무표(입력)'!$O$3:$O$33, $Y$36, '근무표(입력)'!$A$3:$A$33, $A15) -> 0
... A68: =IF(A67="","",IF(MONTH(A67+1)<>MONTH($A$3),"",A67+1)) | B68: =IF(A68="","",TEXT(A68, "aaa")) | C68: =SUMIFS('근무표(입력)'!$F$3:$F$33, '근무표(입력)'!$C$3:$C$33, $A$36, '근무표(입력)'!$A$3:$A$33, $A68) + SUMIFS('근무표(입력)'!$J$3:$J$33, '근무표(입력)'!$G$3:$G$33, $A$36, '근무표(입력)'!$A$3:$A$33, $A33) + SUMIFS('근무표(입력)'!$N$3:$N$33, '근무표(입력)'!$K$3:$K$33, $A$36, '근무표(입력)'!$A$3:$A$33, $A33) + SUMIFS('근무표(입력)'!$R$3:$R$33, '근무표(입력)'!$O$3:$O$33, $A$36, '근무표(입력)'!$A$3:$A$33, $A33) -> 0 | E68: =IF(E67="","",IF(MONTH(E67+1)<>MONTH($A$3),"",E67+1)) | F68: =IF(E68="","",TEXT(E68, "aaa")) | G68: =SUMIFS('근무표(입력)'!$F$3:$F$33, '근무표(입력)'!$C$3:$C$33, $E$36, '근무표(입력)'!$A$3:$A$33, $E68) + SUMIFS('근무표(입력)'!$J$3:$J$33, '근무표(입력)'!$G$3:$G$33, $E$36, '근무표(입력)'!$A$3:$A$33, $A33) + SUMIFS('근무표(입력)'!$N$3:$N$33, '근무표(입력)'!$K$3:$K$33, $E$36, '근무표(입력)'!$A$3:$A$33, $A33) + SUMIFS('근무표(입력)'!$R$3:$R$33, '근무표(입력)'!$O$3:$O$33, $E$36, '근무표(입력)'!$A$3:$A$33, $A33) -> 0 | I68: =IF(I67="","",IF(MONTH(I67+1)<>MONTH($A$3),"",I67+1)) | J68: =IF(I68="","",TEXT(I68, "aaa")) | K68: =SUMIFS('근무표(입력)'!$F$3:$F$33, '근무표(입력)'!$C$3:$C$33, $I$36, '근무표(입력)'!$A$3:$A$33, $I68) + SUMIFS('근무표(입력)'!$J$3:$J$33, '근무표(입력)'!$G$3:$G$33, $I$36, '근무표(입력)'!$A$3:$A$33, $A33) + SUMIFS('근무표(입력)'!$N$3:$N$33, '근무표(입력)'!$K$3:$K$33, $I$36, '근무표(입력)'!$A$3:$A$33, $A33) + SUMIFS('근무표(입력)'!$R$3:$R$33, '근무표(입력)'!$O$3:$O$33, $I$36, '근무표(입력)'!$A$3:$A$33, $A33) -> 0 | M68: =IF(M67="","",IF(MONTH(M67+1)<>MONTH($A$3),"",M67+1)) | N68: =IF(M68="","",TEXT(M68, "aaa")) | O68: =SUMIFS('근무표(입력)'!$F$3:$F$33, '근무표(입력)'!$C$3:$C$33, $M$36, '근무표(입력)'!$A$3:$A$33, $M68) + SUMIFS('근무표(입력)'!$J$3:$J$33, '근무표(입력)'!$G$3:$G$33, $M$36, '근무표(입력)'!$A$3:$A$33, $A33) + SUMIFS('근무표(입력)'!$N$3:$N$33, '근무표(입력)'!$K$3:$K$33, $M$36, '근무표(입력)'!$A$3:$A$33, $A33) + SUMIFS('근무표(입력)'!$R$3:$R$33, '근무표(입력)'!$O$3:$O$33, $M$36, '근무표(입력)'!$A$3:$A$33, $A33) -> 0 | Q68: =IF(Q67="","",IF(MONTH(Q67+1)<>MONTH($A$3),"",Q67+1)) | R68: =IF(Q68="","",TEXT(Q68, "aaa")) | S68: =SUMIFS('근무표(입력)'!$F$3:$F$33, '근무표(입력)'!$C$3:$C$33, $Q$36, '근무표(입력)'!$A$3:$A$33, $Q68) + SUMIFS('근무표(입력)'!$J$3:$J$33, '근무표(입력)'!$G$3:$G$33, $Q$36, '근무표(입력)'!$A$3:$A$33, $A33) + SUMIFS('근무표(입력)'!$N$3:$N$33, '근무표(입력)'!$K$3:$K$33, $Q$36, '근무표(입력)'!$A$3:$A$33, $A33) + SUMIFS('근무표(입력)'!$R$3:$R$33, '근무표(입력)'!$O$3:$O$33, $Q$36, '근무표(입력)'!$A$3:$A$33, $A33) -> 0 | U68: =IF(U67="","",IF(MONTH(U67+1)<>MONTH($A$3),"",U67+1)) | V68: =IF(U68="","",TEXT(U68, "aaa")) | W68: =SUMIFS('근무표(입력)'!$F$3:$F$33, '근무표(입력)'!$C$3:$C$33, $U$36, '근무표(입력)'!$A$3:$A$33, $U68) + SUMIFS('근무표(입력)'!$J$3:$J$33, '근무표(입력)'!$G$3:$G$33, $U$36, '근무표(입력)'!$A$3:$A$33, $A33) + SUMIFS('근무표(입력)'!$N$3:$N$33, '근무표(입력)'!$K$3:$K$33, $U$36, '근무표(입력)'!$A$3:$A$33, $A33) + SUMIFS('근무표(입력)'!$R$3:$R$33, '근무표(입력)'!$O$3:$O$33, $U$36, '근무표(입력)'!$A$3:$A$33, $A33) -> 0 | Y68: =IF(Y67="","",IF(MONTH(Y67+1)<>MONTH($A$3),"",Y67+1)) | Z68: =IF(Y68="","",TEXT(Y68, "aaa")) | AA68: =SUMIFS('근무표(입력)'!$F$3:$F$33, '근무표(입력)'!$C$3:$C$33, $Y$36, '근무표(입력)'!$A$3:$A$33, $Y68) + SUMIFS('근무표(입력)'!$J$3:$J$33, '근무표(입력)'!$G$3:$G$33, $Y$36, '근무표(입력)'!$A$3:$A$33, $A33) + SUMIFS('근무표(입력)'!$N$3:$N$33, '근무표(입력)'!$K$3:$K$33, $Y$36, '근무표(입력)'!$A$3:$A$33, $A33) + SUMIFS('근무표(입력)'!$R$3:$R$33, '근무표(입력)'!$O$3:$O$33, $Y$36, '근무표(입력)'!$A$3:$A$33, $A33) -> 0
A69: 합 계 | C69: =SUM(C38:C68) -> 0 | E69: 합 계 | G69: =SUM(G38:G68) -> 0 | I69: 합 계 | K69: =SUM(K38:K68) -> 0 | M69: 합 계 | O69: =SUM(O38:O68) -> 0 | Q69: 합 계 | S69: =SUM(S38:S68) -> 0 | U69: 합 계 | W69: =SUM(W38:W68) -> 0 | Y69: 합 계 | AA69: =SUM(AA38:AA68) -> 0

Sheet 주휴수당 상세 검증
A1: 이름 | B1: 주차 | C1: 주간 총 시간 | D1: 15시간 이상? | E1: 발생 금액
A2: ='근무표(입력)'!Y3 -> 김도윤 | B2: =WEEKNUM('근무표(입력)'!$A$3, 2) + 0 -> 5 | C2: =SUMIFS('근무표(입력)'!$F$3:$F$33, '근무표(입력)'!$C$3:$C$33, $A2, '근무표(입력)'!$AN$3:$AN$33, $B2)+SUMIFS('근무표(입력)'!$J$3:$J$33, '근무표(입력)'!$G$3:$G$33, $A2, '근무표(입력)'!$AN$3:$AN$33, $B2)+SUMIFS('근무표(입력)'!$N$3:$N$33, '근무표(입력)'!$K$3:$K$33, $A2, '근무표(입력)'!$AN$3:$AN$33, $B2)+SUMIFS('근무표(입력)'!$R$3:$R$33, '근무표(입력)'!$O$3:$O$33, $A2, '근무표(입력)'!$AN$3:$AN$33, $B2) -> 0 | D2: =IF(C2>=15, "O", "X") -> X | E2: =IF(D2="O", MIN(C2/5, 8)*10030, 0) -> 0
A3: =A2 -> 김도윤 | B3: =WEEKNUM('근무표(입력)'!$A$3, 2) + 1 -> 6 | C3: =SUMIFS('근무표(입력)'!$F$3:$F$33, '근무표(입력)'!$C$3:$C$33, $A3, '근무표(입력)'!$AN$3:$AN$33, $B3)+SUMIFS('근무표(입력)'!$J$3:$J$33, '근무표(입력)'!$G$3:$G$33, $A3, '근무표(입력)'!$AN$3:$AN$33, $B3)+SUMIFS('근무표(입력)'!$N$3:$N$33, '근무표(입력)'!$K$3:$K$33, $A3, '근무표(입력)'!$AN$3:$AN$33, $B3)+SUMIFS('근무표(입력)'!$R$3:$R$33, '근무표(입력)'!$O$3:$O$33, $A3, '근무표(입력)'!$AN$3:$AN$33, $B3) -> 0 | D3: =IF(C3>=15, "O", "X") -> X | E3: =IF(D3="O", MIN(C3/5, 8)*10030, 0) -> 0
A4: =A3 -> 김도윤 | B4: =WEEKNUM('근무표(입력)'!$A$3, 2) + 2 -> 7 | C4: =SUMIFS('근무표(입력)'!$F$3:$F$33, '근무표(입력)'!$C$3:$C$33, $A4, '근무표(입력)'!$AN$3:$AN$33, $B4)+SUMIFS('근무표(입력)'!$J$3:$J$33, '근무표(입력)'!$G$3:$G$33, $A4, '근무표(입력)'!$AN$3:$AN$33, $B4)+SUMIFS('근무표(입력)'!$N$3:$N$33, '근무표(입력)'!$K$3:$K$33, $A4, '근무표(입력)'!$AN$3:$AN$33, $B4)+SUMIFS('근무표(입력)'!$R$3:$R$33, '근무표(입력)'!$O$3:$O$33, $A4, '근무표(입력)'!$AN$3:$AN$33, $B4) -> 0 | D4: =IF(C4>=15, "O", "X") -> X | E4: =IF(D4="O", MIN(C4/5, 8)*10030, 0) -> 0
A5: =A4 -> 김도윤 | B5: =WEEKNUM('근무표(입력)'!$A$3, 2) + 3 -> 8 | C5: =SUMIFS('근무표(입력)'!$F$3:$F$33, '근무표(입력)'!$C$3:$C$33, $A5, '근무표(입력)'!$AN$3:$AN$33, $B5)+SUMIFS('근무표(입력)'!$J$3:$J$33, '근무표(입력)'!$G$3:$G$33, $A5, '근무표(입력)'!$AN$3:$AN$33, $B5)+SUMIFS('근무표(입력)'!$N$3:$N$33, '근무표(입력)'!$K$3:$K$33, $A5, '근무표(입력)'!$AN$3:$AN$33, $B5)+SUMIFS('근무표(입력)'!$R$3:$R$33, '근무표(입력)'!$O$3:$O$33, $A5, '근무표(입력)'!$AN$3:$AN$33, $B5) -> 0 | D5: =IF(C5>=15, "O", "X") -> X | E5: =IF(D5="O", MIN(C5/5, 8)*10030, 0) -> 0
A6: =A5 -> 김도윤 | B6: =WEEKNUM('근무표(입력)'!$A$3, 2) + 4 -> 9 | C6: =SUMIFS('근무표(입력)'!$F$3:$F$33, '근무표(입력)'!$C$3:$C$33, $A6, '근무표(입력)'!$AN$3:$AN$33, $B6)+SUMIFS('근무표(입력)'!$J$3:$J$33, '근무표(입력)'!$G$3:$G$33, $A6, '근무표(입력)'!$AN$3:$AN$33, $B6)+SUMIFS('근무표(입력)'!$N$3:$N$33, '근무표(입력)'!$K$3:$K$33, $A6, '근무표(입력)'!$AN$3:$AN$33, $B6)+SUMIFS('근무표(입력)'!$R$3:$R$33, '근무표(입력)'!$O$3:$O$33, $A6, '근무표(입력)'!$AN$3:$AN$33, $B6) -> 0 | D6: =IF(C6>=15, "O", "X") -> X | E6: =IF(D6="O", MIN(C6/5, 8)*10030, 0) -> 0
A7: =A6 -> 김도윤 | B7: =WEEKNUM('근무표(입력)'!$A$3, 2) + 5 -> 10 | C7: =SUMIFS('근무표(입력)'!$F$3:$F$33, '근무표(입력)'!$C$3:$C$33, $A7, '근무표(입력)'!$AN$3:$AN$33, $B7)+SUMIFS('근무표(입력)'!$J$3:$J$33, '근무표(입력)'!$G$3:$G$33, $A7, '근무표(입력)'!$AN$3:$AN$33, $B7)+SUMIFS('근무표(입력)'!$N$3:$N$33, '근무표(입력)'!$K$3:$K$33, $A7, '근무표(입력)'!$AN$3:$AN$33, $B7)+SUMIFS('근무표(입력)'!$R$3:$R$33, '근무표(입력)'!$O$3:$O$33, $A7, '근무표(입력)'!$AN$3:$AN$33, $B7) -> 0 | D7: =IF(C7>=15, "O", "X") -> X | E7: =IF(D7="O", MIN(C7/5, 8)*10030, 0) -> 0
A9: 이름 | B9: 주차 | C9: 주간 총 시간 | D9: 15시간 이상? | E9: 발생 금액
A10: ='근무표(입력)'!Y4 -> 김지수 | B10: =WEEKNUM('근무표(입력)'!$A$3, 2) + 0 -> 5 | C10: =SUMIFS('근무표(입력)'!$F$3:$F$33, '근무표(입력)'!$C$3:$C$33, $A10, '근무표(입력)'!$AN$3:$AN$33, $B10)+SUMIFS('근무표(입력)'!$J$3:$J$33, '근무표(입력)'!$G$3:$G$33, $A10, '근무표(입력)'!$AN$3:$AN$33, $B10)+SUMIFS('근무표(입력)'!$N$3:$N$33, '근무표(입력)'!$K$3:$K$33, $A10, '근무표(입력)'!$AN$3:$AN$33, $B10)+SUMIFS('근무표(입력)'!$R$3:$R$33, '근무표(입력)'!$O$3:$O$33, $A10, '근무표(입력)'!$AN$3:$AN$33, $B10) -> 0 | D10: =IF(C10>=15, "O", "X") -> X | E10: =IF(D10="O", MIN(C10/5, 8)*10030, 0) -> 0
A11: =A10 -> 김지수 | B11: =WEEKNUM('근무표(입력)'!$A$3, 2) + 1 -> 6 | C11: =SUMIFS('근무표(입력)'!$F$3:$F$33, '근무표(입력)'!$C$3:$C$33, $A11, '근무표(입력)'!$AN$3:$AN$33, $B11)+SUMIFS('근무표(입력)'!$J$3:$J$33, '근무표(입력)'!$G$3:$G$33, $A11, '근무표(입력)'!$AN$3:$AN$33, $B11)+SUMIFS('근무표(입력)'!$N$3:$N$33, '근무표(입력)'!$K$3:$K$33, $A11, '근무표(입력)'!$AN$3:$AN$33, $B11)+SUMIFS('근무표(입력)'!$R$3:$R$33, '근무표(입력)'!$O$3:$O$33, $A11, '근무표(입력)'!$AN$3:$AN$33, $B11) -> 0 | D11: =IF(C11>=15, "O", "X") -> X | E11: =IF(D11="O", MIN(C11/5, 8)*10030, 0) -> 0
A12: =A11 -> 김지수 | B12: =WEEKNUM('근무표(입력)'!$A$3, 2) + 2 -> 7 | C12: =SUMIFS('근무표(입력)'!$F$3:$F$33, '근무표(입력)'!$C$3:$C$33, $A12, '근무표(입력)'!$AN$3:$AN$33, $B12)+SUMIFS('근무표(입력)'!$J$3:$J$33, '근무표(입력)'!$G$3:$G$33, $A12, '근무표(입력)'!$AN$3:$AN$33, $B12)+SUMIFS('근무표(입력)'!$N$3:$N$33, '근무표(입력)'!$K$3:$K$33, $A12, '근무표(입력)'!$AN$3:$AN$33, $B12)+SUMIFS('근무표(입력)'!$R$3:$R$33, '근무표(입력)'!$O$3:$O$33, $A12, '근무표(입력)'!$AN$3:$AN$33, $B12) -> 0 | D12: =IF(C12>=15, "O", "X") -> X | E12: =IF(D12="O", MIN(C12/5, 8)*10030, 0) -> 0
A13: =A12 -> 김지수 | B13: =WEEKNUM('근무표(입력)'!$A$3, 2) + 3 -> 8 | C13: =SUMIFS('근무표(입력)'!$F$3:$F$33, '근무표(입력)'!$C$3:$C$33, $A13, '근무표(입력)'!$AN$3:$AN$33, $B13)+SUMIFS('근무표(입력)'!$J$3:$J$33, '근무표(입력)'!$G$3:$G$33, $A13, '근무표(입력)'!$AN$3:$AN$33, $B13)+SUMIFS('근무표(입력)'!$N$3:$N$33, '근무표(입력)'!$K$3:$K$33, $A13, '근무표(입력)'!$AN$3:$AN$33, $B13)+SUMIFS('근무표(입력)'!$R$3:$R$33, '근무표(입력)'!$O$3:$O$33, $A13, '근무표(입력)'!$AN$3:$AN$33, $B13) -> 0 | D13: =IF(C13>=15, "O", "X") -> X | E13: =IF(D13="O", MIN(C13/5, 8)*10030, 0) -> 0
A14: =A13 -> 김지수 | B14: =WEEKNUM('근무표(입력)'!$A$3, 2) + 4 -> 9 | C14: =SUMIFS('근무표(입력)'!$F$3:$F$33, '근무표(입력)'!$C$3:$C$33, $A14, '근무표(입력)'!$AN$3:$AN$33, $B14)+SUMIFS('근무표(입력)'!$J$3:$J$33, '근무표(입력)'!$G$3:$G$33, $A14, '근무표(입력)'!$AN$3:$AN$33, $B14)+SUMIFS('근무표(입력)'!$N$3:$N$33, '근무표(입력)'!$K$3:$K$33, $A14, '근무표(입력)'!$AN$3:$AN$33, $B14)+SUMIFS('근무표(입력)'!$R$3:$R$33, '근무표(입력)'!$O$3:$O$33, $A14, '근무표(입력)'!$AN$3:$AN$33, $B14) -> 0 | D14: =IF(C14>=15, "O", "X") -> X | E14: =IF(D14="O", MIN(C14/5, 8)*10030, 0) -> 0
A15: =A14 -> 김지수 | B15: =WEEKNUM('근무표(입력)'!$A$3, 2) + 5 -> 10 | C15: =SUMIFS('근무표(입력)'!$F$3:$F$33, '근무표(입력)'!$C$3:$C$33, $A15, '근무표(입력)'!$AN$3:$AN$33, $B15)+SUMIFS('근무표(입력)'!$J$3:$J$33, '근무표(입력)'!$G$3:$G$33, $A15, '근무표(입력)'!$AN$3:$AN$33, $B15)+SUMIFS('근무표(입력)'!$N$3:$N$33, '근무표(입력)'!$K$3:$K$33, $A15, '근무표(입력)'!$AN$3:$AN$33, $B15)+SUMIFS('근무표(입력)'!$R$3:$R$33, '근무표(입력)'!$O$3:$O$33, $A15, '근무표(입력)'!$AN$3:$AN$33, $B15) -> 0 | D15: =IF(C15>=15, "O", "X") -> X | E15: =IF(D15="O", MIN(C15/5, 8)*10030, 0) -> 0
A17: 이름 | B17: 주차 | C17: 주간 총 시간 | D17: 15시간 이상? | E17: 발생 금액
A18: ='근무표(입력)'!Y5 -> 김현호 | B18: =WEEKNUM('근무표(입력)'!$A$3, 2) + 0 -> 5 | C18: =SUMIFS('근무표(입력)'!$F$3:$F$33, '근무표(입력)'!$C$3:$C$33, $A18, '근무표(입력)'!$AN$3:$AN$33, $B18)+SUMIFS('근무표(입력)'!$J$3:$J$33, '근무표(입력)'!$G$3:$G$33, $A18, '근무표(입력)'!$AN$3:$AN$33, $B18)+SUMIFS('근무표(입력)'!$N$3:$N$33, '근무표(입력)'!$K$3:$K$33, $A18, '근무표(입력)'!$AN$3:$AN$33, $B18)+SUMIFS('근무표(입력)'!$R$3:$R$33, '근무표(입력)'!$O$3:$O$33, $A18, '근무표(입력)'!$AN$3:$AN$33, $B18) -> 0 | D18: =IF(C18>=15, "O", "X") -> X | E18: =IF(D18="O", MIN(C18/5, 8)*10030, 0) -> 0
A19: =A18 -> 김현호 | B19: =WEEKNUM('근무표(입력)'!$A$3, 2) + 1 -> 6 | C19: =SUMIFS('근무표(입력)'!$F$3:$F$33, '근무표(입력)'!$C$3:$C$33, $A19, '근무표(입력)'!$AN$3:$AN$33, $B19)+SUMIFS('근무표(입력)'!$J$3:$J$33, '근무표(입력)'!$G$3:$G$33, $A19, '근무표(입력)'!$AN$3:$AN$33, $B19)+SUMIFS('근무표(입력)'!$N$3:$N$33, '근무표(입력)'!$K$3:$K$33, $A19, '근무표(입력)'!$AN$3:$AN$33, $B19)+SUMIFS('근무표(입력)'!$R$3:$R$33, '근무표(입력)'!$O$3:$O$33, $A19, '근무표(입력)'!$AN$3:$AN$33, $B19) -> 0 | D19: =IF(C19>=15, "O", "X") -> X | E19: =IF(D19="O", MIN(C19/5, 8)*10030, 0) -> 0
A20: =A19 -> 김현호 | B20: =WEEKNUM('근무표(입력)'!$A$3, 2) + 2 -> 7 | C20: =SUMIFS('근무표(입력)'!$F$3:$F$33, '근무표(입력)'!$C$3:$C$33, $A20, '근무표(입력)'!$AN$3:$AN$33, $B20)+SUMIFS('근무표(입력)'!$J$3:$J$33, '근무표(입력)'!$G$3:$G$33, $A20, '근무표(입력)'!$AN$3:$AN$33, $B20)+SUMIFS('근무표(입력)'!$N$3:$N$33, '근무표(입력)'!$K$3:$K$33, $A20, '근무표(입력)'!$AN$3:$AN$33, $B20)+SUMIFS('근무표(입력)'!$R$3:$R$33, '근무표(입력)'!$O$3:$O$33, $A20, '근무표(입력)'!$AN$3:$AN$33, $B20) -> 0 | D20: =IF(C20>=15, "O", "X") -> X | E20: =IF(D20="O", MIN(C20/5, 8)*10030, 0) -> 0
A21: =A20 -> 김현호 | B21: =WEEKNUM('근무표(입력)'!$A$3, 2) + 3 -> 8 | C21: =SUMIFS('근무표(입력)'!$F$3:$F$33, '근무표(입력)'!$C$3:$C$33, $A21, '근무표(입력)'!$AN$3:$AN$33, $B21)+SUMIFS('근무표(입력)'!$J$3:$J$33, '근무표(입력)'!$G$3:$G$33, $A21, '근무표(입력)'!$AN$3:$AN$33, $B21)+SUMIFS('근무표(입력)'!$N$3:$N$33, '근무표(입력)'!$K$3:$K$33, $A21, '근무표(입력)'!$AN$3:$AN$33, $B21)+SUMIFS('근무표(입력)'!$R$3:$R$33, '근무표(입력)'!$O$3:$O$33, $A21, '근무표(입력)'!$AN$3:$AN$33, $B21) -> 0 | D21: =IF(C21>=15, "O", "X") -> X | E21: =IF(D21="O", MIN(C21/5, 8)*10030, 0) -> 0
A22: =A21 -> 김현호 | B22: =WEEKNUM('근무표(입력)'!$A$3, 2) + 4 -> 9 | C22: =SUMIFS('근무표(입력)'!$F$3:$F$33, '근무표(입력)'!$C$3:$C$33, $A22, '근무표(입력)'!$AN$3:$AN$33, $B22)+SUMIFS('근무표(입력)'!$J$3:$J$33, '근무표(입력)'!$G$3:$G$33, $A22, '근무표(입력)'!$AN$3:$AN$33, $B22)+SUMIFS('근무표(입력)'!$N$3:$N$33, '근무표(입력)'!$K$3:$K$33, $A22, '근무표(입력)'!$AN$3:$AN$33, $B22)+SUMIFS('근무표(입력)'!$R$3:$R$33, '근무표(입력)'!$O$3:$O$33, $A22, '근무표(입력)'!$AN$3:$AN$33, $B22) -> 0 | D22: =IF(C22>=15, "O", "X") -> X | E22: =IF(D22="O", MIN(C22/5, 8)*10030, 0) -> 0
A23: =A22 -> 김현호 | B23: =WEEKNUM('근무표(입력)'!$A$3, 2) + 5 -> 10 | C23: =SUMIFS('근무표(입력)'!$F$3:$F$33, '근무표(입력)'!$C$3:$C$33, $A23, '근무표(입력)'!$AN$3:$AN$33, $B23)+SUMIFS('근무표(입력)'!$J$3:$J$33, '근무표(입력)'!$G$3:$G$33, $A23, '근무표(입력)'!$AN$3:$AN$33, $B23)+SUMIFS('근무표(입력)'!$N$3:$N$33, '근무표(입력)'!$K$3:$K$33, $A23, '근무표(입력)'!$AN$3:$AN$33, $B23)+SUMIFS('근무표(입력)'!$R$3:$R$33, '근무표(입력)'!$O$3:$O$33, $A23, '근무표(입력)'!$AN$3:$AN$33, $B23) -> 0 | D23: =IF(C23>=15, "O", "X") -> X | E23: =IF(D23="O", MIN(C23/5, 8)*10030, 0) -> 0
A25: 이름 | B25: 주차 | C25: 주간 총 시간 | D25: 15시간 이상? | E25: 발생 금액
A26: ='근무표(입력)'!Y6 -> 송채민 | B26: =WEEKNUM('근무표(입력)'!$A$3, 2) + 0 -> 5 | C26: =SUMIFS('근무표(입력)'!$F$3:$F$33, '근무표(입력)'!$C$3:$C$33, $A26, '근무표(입력)'!$AN$3:$AN$33, $B26)+SUMIFS('근무표(입력)'!$J$3:$J$33, '근무표(입력)'!$G$3:$G$33, $A26, '근무표(입력)'!$AN$3:$AN$33, $B26)+SUMIFS('근무표(입력)'!$N$3:$N$33, '근무표(입력)'!$K$3:$K$33, $A26, '근무표(입력)'!$AN$3:$AN$33, $B26)+SUMIFS('근무표(입력)'!$R$3:$R$33, '근무표(입력)'!$O$3:$O$33, $A26, '근무표(입력)'!$AN$3:$AN$33, $B26) -> 0 | D26: =IF(C26>=15, "O", "X") -> X | E26: =IF(D26="O", MIN(C26/5, 8)*10030, 0) -> 0
A27: =A26 -> 송채민 | B27: =WEEKNUM('근무표(입력)'!$A$3, 2) + 1 -> 6 | C27: =SUMIFS('근무표(입력)'!$F$3:$F$33, '근무표(입력)'!$C$3:$C$33, $A27, '근무표(입력)'!$AN$3:$AN$33, $B27)+SUMIFS('근무표(입력)'!$J$3:$J$33, '근무표(입력)'!$G$3:$G$33, $A27, '근무표(입력)'!$AN$3:$AN$33, $B27)+SUMIFS('근무표(입력)'!$N$3:$N$33, '근무표(입력)'!$K$3:$K$33, $A27, '근무표(입력)'!$AN$3:$AN$33, $B27)+SUMIFS('근무표(입력)'!$R$3:$R$33, '근무표(입력)'!$O$3:$O$33, $A27, '근무표(입력)'!$AN$3:$AN$33, $B27) -> 0 | D27: =IF(C27>=15, "O", "X") -> X | E27: =IF(D27="O", MIN(C27/5, 8)*10030, 0) -> 0
A28: =A27 -> 송채민 | B28: =WEEKNUM('근무표(입력)'!$A$3, 2) + 2 -> 7 | C28: =SUMIFS('근무표(입력)'!$F$3:$F$33, '근무표(입력)'!$C$3:$C$33, $A28, '근무표(입력)'!$AN$3:$AN$33, $B28)+SUMIFS('근무표(입력)'!$J$3:$J$33, '근무표(입력)'!$G$3:$G$33, $A28, '근무표(입력)'!$AN$3:$AN$33, $B28)+SUMIFS('근무표(입력)'!$N$3:$N$33, '근무표(입력)'!$K$3:$K$33, $A28, '근무표(입력)'!$AN$3:$AN$33, $B28)+SUMIFS('근무표(입력)'!$R$3:$R$33, '근무표(입력)'!$O$3:$O$33, $A28, '근무표(입력)'!$AN$3:$AN$33, $B28) -> 0 | D28: =IF(C28>=15, "O", "X") -> X | E28: =IF(D28="O", MIN(C28/5, 8)*10030, 0) -> 0
A29: =A28 -> 송채민 | B29: =WEEKNUM('근무표(입력)'!$A$3, 2) + 3 -> 8 | C29: =SUMIFS('근무표(입력)'!$F$3:$F$33, '근무표(입력)'!$C$3:$C$33, $A29, '근무표(입력)'!$AN$3:$AN$33, $B29)+SUMIFS('근무표(입력)'!$J$3:$J$33, '근무표(입력)'!$G$3:$G$33, $A29, '근무표(입력)'!$AN$3:$AN$33, $B29)+SUMIFS('근무표(입력)'!$N$3:$N$33, '근무표(입력)'!$K$3:$K$33, $A29, '근무표(입력)'!$AN$3:$AN$33, $B29)+SUMIFS('근무표(입력)'!$R$3:$R$33, '근무표(입력)'!$O$3:$O$33, $A29, '근무표(입력)'!$AN$3:$AN$33, $B29) -> 0 | D29: =IF(C29>=15, "O", "X") -> X | E29: =IF(D29="O", MIN(C29/5, 8)*10030, 0) -> 0
A30: =A29 -> 송채민 | B30: =WEEKNUM('근무표(입력)'!$A$3, 2) + 4 -> 9 | C30: =SUMIFS('근무표(입력)'!$F$3:$F$33, '근무표(입력)'!$C$3:$C$33, $A30, '근무표(입력)'!$AN$3:$AN$33, $B30)+SUMIFS('근무표(입력)'!$J$3:$J$33, '근무표(입력)'!$G$3:$G$33, $A30, '근무표(입력)'!$AN$3:$AN$33, $B30)+SUMIFS('근무표(입력)'!$N$3:$N$33, '근무표(입력)'!$K$3:$K$33, $A30, '근무표(입력)'!$AN$3:$AN$33, $B30)+SUMIFS('근무표(입력)'!$R$3:$R$33, '근무표(입력)'!$O$3:$O$33, $A30, '근무표(입력)'!$AN$3:$AN$33, $B30) -> 0 | D30: =IF(C30>=15, "O", "X") -> X | E30: =IF(D30="O", MIN(C30/5, 8)*10030, 0) -> 0
A31: =A30 -> 송채민 | B31: =WEEKNUM('근무표(입력)'!$A$3, 2) + 5 -> 10 | C31: =SUMIFS('근무표(입력)'!$F$3:$F$33, '근무표(입력)'!$C$3:$C$33, $A31, '근무표(입력)'!$AN$3:$AN$33, $B31)+SUMIFS('근무표(입력)'!$J$3:$J$33, '근무표(입력)'!$G$3:$G$33, $A31, '근무표(입력)'!$AN$3:$AN$33, $B31)+SUMIFS('근무표(입력)'!$N$3:$N$33, '근무표(입력)'!$K$3:$K$33, $A31, '근무표(입력)'!$AN$3:$AN$33, $B31)+SUMIFS('근무표(입력)'!$R$3:$R$33, '근무표(입력)'!$O$3:$O$33, $A31, '근무표(입력)'!$AN$3:$AN$33, $B31) -> 0 | D31: =IF(C31>=15, "O", "X") -> X | E31: =IF(D31="O", MIN(C31/5, 8)*10030, 0) -> 0
A34: 이름 | B34: 주차 | C34: 주간 총 시간 | D34: 15시간 이상? | E34: 발생 금액
A35: ='근무표(입력)'!Y7 -> 이예은 | B35: =WEEKNUM('근무표(입력)'!$A$3, 2) + 0 -> 5 | C35: =SUMIFS('근무표(입력)'!$F$3:$F$33, '근무표(입력)'!$C$3:$C$33, $A35, '근무표(입력)'!$AN$3:$AN$33, $B35)+SUMIFS('근무표(입력)'!$J$3:$J$33, '근무표(입력)'!$G$3:$G$33, $A35, '근무표(입력)'!$AN$3:$AN$33, $B35)+SUMIFS('근무표(입력)'!$N$3:$N$33, '근무표(입력)'!$K$3:$K$33, $A35, '근무표(입력)'!$AN$3:$AN$33, $B35)+SUMIFS('근무표(입력)'!$R$3:$R$33, '근무표(입력)'!$O$3:$O$33, $A35, '근무표(입력)'!$AN$3:$AN$33, $B35) -> 0 | D35: =IF(C35>=15, "O", "X") -> X | E35: =IF(D35="O", MIN(C35/5, 8)*10030, 0) -> 0
A36: =A35 -> 이예은 | B36: =WEEKNUM('근무표(입력)'!$A$3, 2) + 1 -> 6 | C36: =SUMIFS('근무표(입력)'!$F$3:$F$33, '근무표(입력)'!$C$3:$C$33, $A36, '근무표(입력)'!$AN$3:$AN$33, $B36)+SUMIFS('근무표(입력)'!$J$3:$J$33, '근무표(입력)'!$G$3:$G$33, $A36, '근무표(입력)'!$AN$3:$AN$33, $B36)+SUMIFS('근무표(입력)'!$N$3:$N$33, '근무표(입력)'!$K$3:$K$33, $A36, '근무표(입력)'!$AN$3:$AN$33, $B36)+SUMIFS('근무표(입력)'!$R$3:$R$33, '근무표(입력)'!$O$3:$O$33, $A36, '근무표(입력)'!$AN$3:$AN$33, $B36) -> 0 | D36: =IF(C36>=15, "O", "X") -> X | E36: =IF(D36="O", MIN(C36/5, 8)*10030, 0) -> 0
A37: =A36 -> 이예은 | B37: =WEEKNUM('근무표(입력)'!$A$3, 2) + 2 -> 7 | C37: =SUMIFS('근무표(입력)'!$F$3:$F$33, '근무표(입력)'!$C$3:$C$33, $A37, '근무표(입력)'!$AN$3:$AN$33, $B37)+SUMIFS('근무표(입력)'!$J$3:$J$33, '근무표(입력)'!$G$3:$G$33, $A37, '근무표(입력)'!$AN$3:$AN$33, $B37)+SUMIFS('근무표(입력)'!$N$3:$N$33, '근무표(입력)'!$K$3:$K$33, $A37, '근무표(입력)'!$AN$3:$AN$33, $B37)+SUMIFS('근무표(입력)'!$R$3:$R$33, '근무표(입력)'!$O$3:$O$33, $A37, '근무표(입력)'!$AN$3:$AN$33, $B37) -> 0 | D37: =IF(C37>=15, "O", "X") -> X | E37: =IF(D37="O", MIN(C37/5, 8)*10030, 0) -> 0
A38: =A37 -> 이예은 | B38: =WEEKNUM('근무표(입력)'!$A$3, 2) + 3 -> 8 | C38: =SUMIFS('근무표(입력)'!$F$3:$F$33, '근무표(입력)'!$C$3:$C$33, $A38, '근무표(입력)'!$AN$3:$AN$33, $B38)+SUMIFS('근무표(입력)'!$J$3:$J$33, '근무표(입력)'!$G$3:$G$33, $A38, '근무표(입력)'!$AN$3:$AN$33, $B38)+SUMIFS('근무표(입력)'!$N$3:$N$33, '근무표(입력)'!$K$3:$K$33, $A38, '근무표(입력)'!$AN$3:$AN$33, $B38)+SUMIFS('근무표(입력)'!$R$3:$R$33, '근무표(입력)'!$O$3:$O$33, $A38, '근무표(입력)'!$AN$3:$AN$33, $B38) -> 0 | D38: =IF(C38>=15, "O", "X") -> X | E38: =IF(D38="O", MIN(C38/5, 8)*10030, 0) -> 0
A39: =A38 -> 이예은 | B39: =WEEKNUM('근무표(입력)'!$A$3, 2) + 4 -> 9 | C39: =SUMIFS('근무표(입력)'!$F$3:$F$33, '근무표(입력)'!$C$3:$C$33, $A39, '근무표(입력)'!$AN$3:$AN$33, $B39)+SUMIFS('근무표(입력)'!$J$3:$J$33, '근무표(입력)'!$G$3:$G$33, $A39, '근무표(입력)'!$AN$3:$AN$33, $B39)+SUMIFS('근무표(입력)'!$N$3:$N$33, '근무표(입력)'!$K$3:$K$33, $A39, '근무표(입력)'!$AN$3:$AN$33, $B39)+SUMIFS('근무표(입력)'!$R$3:$R$33, '근무표(입력)'!$O$3:$O$33, $A39, '근무표(입력)'!$AN$3:$AN$33, $B39) -> 0 | D39: =IF(C39>=15, "O", "X") -> X | E39: =IF(D39="O", MIN(C39/5, 8)*10030, 0) -> 0
A40: =A39 -> 이예은 | B40: =WEEKNUM('근무표(입력)'!$A$3, 2) + 5 -> 10 | C40: =SUMIFS('근무표(입력)'!$F$3:$F$33, '근무표(입력)'!$C$3:$C$33, $A40, '근무표(입력)'!$AN$3:$AN$33, $B40)+SUMIFS('근무표(입력)'!$J$3:$J$33, '근무표(입력)'!$G$3:$G$33, $A40, '근무표(입력)'!$AN$3:$AN$33, $B40)+SUMIFS('근무표(입력)'!$N$3:$N$33, '근무표(입력)'!$K$3:$K$33, $A40, '근무표(입력)'!$AN$3:$AN$33, $B40)+SUMIFS('근무표(입력)'!$R$3:$R$33, '근무표(입력)'!$O$3:$O$33, $A40, '근무표(입력)'!$AN$3:$AN$33, $B40) -> 0 | D40: =IF(C40>=15, "O", "X") -> X | E40: =IF(D40="O", MIN(C40/5, 8)*10030, 0) -> 0
A42: 이름 | B42: 주차 | C42: 주간 총 시간 | D42: 15시간 이상? | E42: 발생 금액
A43: ='근무표(입력)'!Y8 -> 정가은 | B43: =WEEKNUM('근무표(입력)'!$A$3, 2) + 0 -> 5 | C43: =SUMIFS('근무표(입력)'!$F$3:$F$33, '근무표(입력)'!$C$3:$C$33, $A43, '근무표(입력)'!$AN$3:$AN$33, $B43)+SUMIFS('근무표(입력)'!$J$3:$J$33, '근무표(입력)'!$G$3:$G$33, $A43, '근무표(입력)'!$AN$3:$AN$33, $B43)+SUMIFS('근무표(입력)'!$N$3:$N$33, '근무표(입력)'!$K$3:$K$33, $A43, '근무표(입력)'!$AN$3:$AN$33, $B43)+SUMIFS('근무표(입력)'!$R$3:$R$33, '근무표(입력)'!$O$3:$O$33, $A43, '근무표(입력)'!$AN$3:$AN$33, $B43) -> 0 | D43: =IF(C43>=15, "O", "X") -> X | E43: =IF(D43="O", MIN(C43/5, 8)*10030, 0) -> 0
A44: =A43 -> 정가은 | B44: =WEEKNUM('근무표(입력)'!$A$3, 2) + 1 -> 6 | C44: =SUMIFS('근무표(입력)'!$F$3:$F$33, '근무표(입력)'!$C$3:$C$33, $A44, '근무표(입력)'!$AN$3:$AN$33, $B44)+SUMIFS('근무표(입력)'!$J$3:$J$33, '근무표(입력)'!$G$3:$G$33, $A44, '근무표(입력)'!$AN$3:$AN$33, $B44)+SUMIFS('근무표(입력)'!$N$3:$N$33, '근무표(입력)'!$K$3:$K$33, $A44, '근무표(입력)'!$AN$3:$AN$33, $B44)+SUMIFS('근무표(입력)'!$R$3:$R$33, '근무표(입력)'!$O$3:$O$33, $A44, '근무표(입력)'!$AN$3:$AN$33, $B44) -> 0 | D44: =IF(C44>=15, "O", "X") -> X | E44: =IF(D44="O", MIN(C44/5, 8)*10030, 0) -> 0
A45: =A44 -> 정가은 | B45: =WEEKNUM('근무표(입력)'!$A$3, 2) + 2 -> 7 | C45: =SUMIFS('근무표(입력)'!$F$3:$F$33, '근무표(입력)'!$C$3:$C$33, $A45, '근무표(입력)'!$AN$3:$AN$33, $B45)+SUMIFS('근무표(입력)'!$J$3:$J$33, '근무표(입력)'!$G$3:$G$33, $A45, '근무표(입력)'!$AN$3:$AN$33, $B45)+SUMIFS('근무표(입력)'!$N$3:$N$33, '근무표(입력)'!$K$3:$K$33, $A45, '근무표(입력)'!$AN$3:$AN$33, $B45)+SUMIFS('근무표(입력)'!$R$3:$R$33, '근무표(입력)'!$O$3:$O$33, $A45, '근무표(입력)'!$AN$3:$AN$33, $B45) -> 0 | D45: =IF(C45>=15, "O", "X") -> X | E45: =IF(D45="O", MIN(C45/5, 8)*10030, 0) -> 0
A46: =A45 -> 정가은 | B46: =WEEKNUM('근무표(입력)'!$A$3, 2) + 3 -> 8 | C46: =SUMIFS('근무표(입력)'!$F$3:$F$33, '근무표(입력)'!$C$3:$C$33, $A46, '근무표(입력)'!$AN$3:$AN$33, $B46)+SUMIFS('근무표(입력)'!$J$3:$J$33, '근무표(입력)'!$G$3:$G$33, $A46, '근무표(입력)'!$AN$3:$AN$33, $B46)+SUMIFS('근무표(입력)'!$N$3:$N$33, '근무표(입력)'!$K$3:$K$33, $A46, '근무표(입력)'!$AN$3:$AN$33, $B46)+SUMIFS('근무표(입력)'!$R$3:$R$33, '근무표(입력)'!$O$3:$O$33, $A46, '근무표(입력)'!$AN$3:$AN$33, $B46) -> 0 | D46: =IF(C46>=15, "O", "X") -> X | E46: =IF(D46="O", MIN(C46/5, 8)*10030, 0) -> 0
A47: =A46 -> 정가은 | B47: =WEEKNUM('근무표(입력)'!$A$3, 2) + 4 -> 9 | C47: =SUMIFS('근무표(입력)'!$F$3:$F$33, '근무표(입력)'!$C$3:$C$33, $A47, '근무표(입력)'!$AN$3:$AN$33, $B47)+SUMIFS('근무표(입력)'!$J$3:$J$33, '근무표(입력)'!$G$3:$G$33, $A47, '근무표(입력)'!$AN$3:$AN$33, $B47)+SUMIFS('근무표(입력)'!$N$3:$N$33, '근무표(입력)'!$K$3:$K$33, $A47, '근무표(입력)'!$AN$3:$AN$33, $B47)+SUMIFS('근무표(입력)'!$R$3:$R$33, '근무표(입력)'!$O$3:$O$33, $A47, '근무표(입력)'!$AN$3:$AN$33, $B47) -> 0 | D47: =IF(C47>=15, "O", "X") -> X | E47: =IF(D47="O", MIN(C47/5, 8)*10030, 0) -> 0
A48: =A47 -> 정가은 | B48: =WEEKNUM('근무표(입력)'!$A$3, 2) + 5 -> 10 | C48: =SUMIFS('근무표(입력)'!$F$3:$F$33, '근무표(입력)'!$C$3:$C$33, $A48, '근무표(입력)'!$AN$3:$AN$33, $B48)+SUMIFS('근무표(입력)'!$J$3:$J$33, '근무표(입력)'!$G$3:$G$33, $A48, '근무표(입력)'!$AN$3:$AN$33, $B48)+SUMIFS('근무표(입력)'!$N$3:$N$33, '근무표(입력)'!$K$3:$K$33, $A48, '근무표(입력)'!$AN$3:$AN$33, $B48)+SUMIFS('근무표(입력)'!$R$3:$R$33, '근무표(입력)'!$O$3:$O$33, $A48, '근무표(입력)'!$AN$3:$AN$33, $B48) -> 0 | D48: =IF(C48>=15, "O", "X") -> X | E48: =IF(D48="O", MIN(C48/5, 8)*10030, 0) -> 0
A50: 이름 | B50: 주차 | C50: 주간 총 시간 | D50: 15시간 이상? | E50: 발생 금액
A51: ='근무표(입력)'!Y9 -> 황승연 | B51: =WEEKNUM('근무표(입력)'!$A$3, 2) + 0 -> 5 | C51: =SUMIFS('근무표(입력)'!$F$3:$F$33, '근무표(입력)'!$C$3:$C$33, $A51, '근무표(입력)'!$AN$3:$AN$33, $B51)+SUMIFS('근무표(입력)'!$J$3:$J$33, '근무표(입력)'!$G$3:$G$33, $A51, '근무표(입력)'!$AN$3:$AN$33, $B51)+SUMIFS('근무표(입력)'!$N$3:$N$33, '근무표(입력)'!$K$3:$K$33, $A51, '근무표(입력)'!$AN$3:$AN$33, $B51)+SUMIFS('근무표(입력)'!$R$3:$R$33, '근무표(입력)'!$O$3:$O$33, $A51, '근무표(입력)'!$AN$3:$AN$33, $B51) -> 0 | D51: =IF(C51>=15, "O", "X") -> X | E51: =IF(D51="O", MIN(C51/5, 8)*10030, 0) -> 0
A52: =A51 -> 황승연 | B52: =WEEKNUM('근무표(입력)'!$A$3, 2) + 1 -> 6 | C52: =SUMIFS('근무표(입력)'!$F$3:$F$33, '근무표(입력)'!$C$3:$C$33, $A52, '근무표(입력)'!$AN$3:$AN$33, $B52)+SUMIFS('근무표(입력)'!$J$3:$J$33, '근무표(입력)'!$G$3:$G$33, $A52, '근무표(입력)'!$AN$3:$AN$33, $B52)+SUMIFS('근무표(입력)'!$N$3:$N$33, '근무표(입력)'!$K$3:$K$33, $A52, '근무표(입력)'!$AN$3:$AN$33, $B52)+SUMIFS('근무표(입력)'!$R$3:$R$33, '근무표(입력)'!$O$3:$O$33, $A52, '근무표(입력)'!$AN$3:$AN$33, $B52) -> 0 | D52: =IF(C52>=15, "O", "X") -> X | E52: =IF(D52="O", MIN(C52/5, 8)*10030, 0) -> 0
A53: =A52 -> 황승연 | B53: =WEEKNUM('근무표(입력)'!$A$3, 2) + 2 -> 7 | C53: =SUMIFS('근무표(입력)'!$F$3:$F$33, '근무표(입력)'!$C$3:$C$33, $A53, '근무표(입력)'!$AN$3:$AN$33, $B53)+SUMIFS('근무표(입력)'!$J$3:$J$33, '근무표(입력)'!$G$3:$G$33, $A53, '근무표(입력)'!$AN$3:$AN$33, $B53)+SUMIFS('근무표(입력)'!$N$3:$N$33, '근무표(입력)'!$K$3:$K$33, $A53, '근무표(입력)'!$AN$3:$AN$33, $B53)+SUMIFS('근무표(입력)'!$R$3:$R$33, '근무표(입력)'!$O$3:$O$33, $A53, '근무표(입력)'!$AN$3:$AN$33, $B53) -> 0 | D53: =IF(C53>=15, "O", "X") -> X | E53: =IF(D53="O", MIN(C53/5, 8)*10030, 0) -> 0
A54: =A53 -> 황승연 | B54: =WEEKNUM('근무표(입력)'!$A$3, 2) + 3 -> 8 | C54: =SUMIFS('근무표(입력)'!$F$3:$F$33, '근무표(입력)'!$C$3:$C$33, $A54, '근무표(입력)'!$AN$3:$AN$33, $B54)+SUMIFS('근무표(입력)'!$J$3:$J$33, '근무표(입력)'!$G$3:$G$33, $A54, '근무표(입력)'!$AN$3:$AN$33, $B54)+SUMIFS('근무표(입력)'!$N$3:$N$33, '근무표(입력)'!$K$3:$K$33, $A54, '근무표(입력)'!$AN$3:$AN$33, $B54)+SUMIFS('근무표(입력)'!$R$3:$R$33, '근무표(입력)'!$O$3:$O$33, $A54, '근무표(입력)'!$AN$3:$AN$33, $B54) -> 0 | D54: =IF(C54>=15, "O", "X") -> X | E54: =IF(D54="O", MIN(C54/5, 8)*10030, 0) -> 0
A55: =A54 -> 황승연 | B55: =WEEKNUM('근무표(입력)'!$A$3, 2) + 4 -> 9 | C55: =SUMIFS('근무표(입력)'!$F$3:$F$33, '근무표(입력)'!$C$3:$C$33, $A55, '근무표(입력)'!$AN$3:$AN$33, $B55)+SUMIFS('근무표(입력)'!$J$3:$J$33, '근무표(입력)'!$G$3:$G$33, $A55, '근무표(입력)'!$AN$3:$AN$33, $B55)+SUMIFS('근무표(입력)'!$N$3:$N$33, '근무표(입력)'!$K$3:$K$33, $A55, '근무표(입력)'!$AN$3:$AN$33, $B55)+SUMIFS('근무표(입력)'!$R$3:$R$33, '근무표(입력)'!$O$3:$O$33, $A55, '근무표(입력)'!$AN$3:$AN$33, $B55) -> 0 | D55: =IF(C55>=15, "O", "X") -> X | E55: =IF(D55="O", MIN(C55/5, 8)*10030, 0) -> 0
A56: =A55 -> 황승연 | B56: =WEEKNUM('근무표(입력)'!$A$3, 2) + 5 -> 10 | C56: =SUMIFS('근무표(입력)'!$F$3:$F$33, '근무표(입력)'!$C$3:$C$33, $A56, '근무표(입력)'!$AN$3:$AN$33, $B56)+SUMIFS('근무표(입력)'!$J$3:$J$33, '근무표(입력)'!$G$3:$G$33, $A56, '근무표(입력)'!$AN$3:$AN$33, $B56)+SUMIFS('근무표(입력)'!$N$3:$N$33, '근무표(입력)'!$K$3:$K$33, $A56, '근무표(입력)'!$AN$3:$AN$33, $B56)+SUMIFS('근무표(입력)'!$R$3:$R$33, '근무표(입력)'!$O$3:$O$33, $A56, '근무표(입력)'!$AN$3:$AN$33, $B56) -> 0 | D56: =IF(C56>=15, "O", "X") -> X | E56: =IF(D56="O", MIN(C56/5, 8)*10030, 0) -> 0
A58: 이름 | B58: 주차 | C58: 주간 총 시간 | D58: 15시간 이상? | E58: 발생 금액
A59: ='근무표(입력)'!Y10 -> 0 | B59: =WEEKNUM('근무표(입력)'!$A$3, 2) + 0 -> 5 | C59: =SUMIFS('근무표(입력)'!$F$3:$F$33, '근무표(입력)'!$C$3:$C$33, $A59, '근무표(입력)'!$AN$3:$AN$33, $B59)+SUMIFS('근무표(입력)'!$J$3:$J$33, '근무표(입력)'!$G$3:$G$33, $A59, '근무표(입력)'!$AN$3:$AN$33, $B59)+SUMIFS('근무표(입력)'!$N$3:$N$33, '근무표(입력)'!$K$3:$K$33, $A59, '근무표(입력)'!$AN$3:$AN$33, $B59)+SUMIFS('근무표(입력)'!$R$3:$R$33, '근무표(입력)'!$O$3:$O$33, $A59, '근무표(입력)'!$AN$3:$AN$33, $B59) -> 0 | D59: =IF(C59>=15, "O", "X") -> X | E59: =IF(D59="O", MIN(C59/5, 8)*10030, 0) -> 0
A60: =A59 -> 0 | B60: =WEEKNUM('근무표(입력)'!$A$3, 2) + 1 -> 6 | C60: =SUMIFS('근무표(입력)'!$F$3:$F$33, '근무표(입력)'!$C$3:$C$33, $A60, '근무표(입력)'!$AN$3:$AN$33, $B60)+SUMIFS('근무표(입력)'!$J$3:$J$33, '근무표(입력)'!$G$3:$G$33, $A60, '근무표(입력)'!$AN$3:$AN$33, $B60)+SUMIFS('근무표(입력)'!$N$3:$N$33, '근무표(입력)'!$K$3:$K$33, $A60, '근무표(입력)'!$AN$3:$AN$33, $B60)+SUMIFS('근무표(입력)'!$R$3:$R$33, '근무표(입력)'!$O$3:$O$33, $A60, '근무표(입력)'!$AN$3:$AN$33, $B60) -> 0 | D60: =IF(C60>=15, "O", "X") -> X | E60: =IF(D60="O", MIN(C60/5, 8)*10030, 0) -> 0
A61: =A60 -> 0 | B61: =WEEKNUM('근무표(입력)'!$A$3, 2) + 2 -> 7 | C61: =SUMIFS('근무표(입력)'!$F$3:$F$33, '근무표(입력)'!$C$3:$C$33, $A61, '근무표(입력)'!$AN$3:$AN$33, $B61)+SUMIFS('근무표(입력)'!$J$3:$J$33, '근무표(입력)'!$G$3:$G$33, $A61, '근무표(입력)'!$AN$3:$AN$33, $B61)+SUMIFS('근무표(입력)'!$N$3:$N$33, '근무표(입력)'!$K$3:$K$33, $A61, '근무표(입력)'!$AN$3:$AN$33, $B61)+SUMIFS('근무표(입력)'!$R$3:$R$33, '근무표(입력)'!$O$3:$O$33, $A61, '근무표(입력)'!$AN$3:$AN$33, $B61) -> 0 | D61: =IF(C61>=15, "O", "X") -> X | E61: =IF(D61="O", MIN(C61/5, 8)*10030, 0) -> 0
A62: =A61 -> 0 | B62: =WEEKNUM('근무표(입력)'!$A$3, 2) + 3 -> 8 | C62: =SUMIFS('근무표(입력)'!$F$3:$F$33, '근무표(입력)'!$C$3:$C$33, $A62, '근무표(입력)'!$AN$3:$AN$33, $B62)+SUMIFS('근무표(입력)'!$J$3:$J$33, '근무표(입력)'!$G$3:$G$33, $A62, '근무표(입력)'!$AN$3:$AN$33, $B62)+SUMIFS('근무표(입력)'!$N$3:$N$33, '근무표(입력)'!$K$3:$K$33, $A62, '근무표(입력)'!$AN$3:$AN$33, $B62)+SUMIFS('근무표(입력)'!$R$3:$R$33, '근무표(입력)'!$O$3:$O$33, $A62, '근무표(입력)'!$AN$3:$AN$33, $B62) -> 0 | D62: =IF(C62>=15, "O", "X") -> X | E62: =IF(D62="O", MIN(C62/5, 8)*10030, 0) -> 0
A63: =A62 -> 0 | B63: =WEEKNUM('근무표(입력)'!$A$3, 2) + 4 -> 9 | C63: =SUMIFS('근무표(입력)'!$F$3:$F$33, '근무표(입력)'!$C$3:$C$33, $A63, '근무표(입력)'!$AN$3:$AN$33, $B63)+SUMIFS('근무표(입력)'!$J$3:$J$33, '근무표(입력)'!$G$3:$G$33, $A63, '근무표(입력)'!$AN$3:$AN$33, $B63)+SUMIFS('근무표(입력)'!$N$3:$N$33, '근무표(입력)'!$K$3:$K$33, $A63, '근무표(입력)'!$AN$3:$AN$33, $B63)+SUMIFS('근무표(입력)'!$R$3:$R$33, '근무표(입력)'!$O$3:$O$33, $A63, '근무표(입력)'!$AN$3:$AN$33, $B63) -> 0 | D63: =IF(C63>=15, "O", "X") -> X | E63: =IF(D63="O", MIN(C63/5, 8)*10030, 0) -> 0
A64: =A63 -> 0 | B64: =WEEKNUM('근무표(입력)'!$A$3, 2) + 5 -> 10 | C64: =SUMIFS('근무표(입력)'!$F$3:$F$33, '근무표(입력)'!$C$3:$C$33, $A64, '근무표(입력)'!$AN$3:$AN$33, $B64)+SUMIFS('근무표(입력)'!$J$3:$J$33, '근무표(입력)'!$G$3:$G$33, $A64, '근무표(입력)'!$AN$3:$AN$33, $B64)+SUMIFS('근무표(입력)'!$N$3:$N$33, '근무표(입력)'!$K$3:$K$33, $A64, '근무표(입력)'!$AN$3:$AN$33, $B64)+SUMIFS('근무표(입력)'!$R$3:$R$33, '근무표(입력)'!$O$3:$O$33, $A64, '근무표(입력)'!$AN$3:$AN$33, $B64) -> 0 | D64: =IF(C64>=15, "O", "X") -> X | E64: =IF(D64="O", MIN(C64/5, 8)*10030, 0) -> 0
A66: 이름 | B66: 주차 | C66: 주간 총 시간 | D66: 15시간 이상? | E66: 발생 금액
A67: ='근무표(입력)'!Y11 -> 0 | B67: =WEEKNUM('근무표(입력)'!$A$3, 2) + 0 -> 5 | C67: =SUMIFS('근무표(입력)'!$F$3:$F$33, '근무표(입력)'!$C$3:$C$33, $A67, '근무표(입력)'!$AN$3:$AN$33, $B67)+SUMIFS('근무표(입력)'!$J$3:$J$33, '근무표(입력)'!$G$3:$G$33, $A67, '근무표(입력)'!$AN$3:$AN$33, $B67)+SUMIFS('근무표(입력)'!$N$3:$N$33, '근무표(입력)'!$K$3:$K$33, $A67, '근무표(입력)'!$AN$3:$AN$33, $B67)+SUMIFS('근무표(입력)'!$R$3:$R$33, '근무표(입력)'!$O$3:$O$33, $A67, '근무표(입력)'!$AN$3:$AN$33, $B67) -> 0 | D67: =IF(C67>=15, "O", "X") -> X | E67: =IF(D67="O", MIN(C67/5, 8)*10030, 0) -> 0
A68: =A67 -> 0 | B68: =WEEKNUM('근무표(입력)'!$A$3, 2) + 1 -> 6 | C68: =SUMIFS('근무표(입력)'!$F$3:$F$33, '근무표(입력)'!$C$3:$C$33, $A68, '근무표(입력)'!$AN$3:$AN$33, $B68)+SUMIFS('근무표(입력)'!$J$3:$J$33, '근무표(입력)'!$G$3:$G$33, $A68, '근무표(입력)'!$AN$3:$AN$33, $B68)+SUMIFS('근무표(입력)'!$N$3:$N$33, '근무표(입력)'!$K$3:$K$33, $A68, '근무표(입력)'!$AN$3:$AN$33, $B68)+SUMIFS('근무표(입력)'!$R$3:$R$33, '근무표(입력)'!$O$3:$O$33, $A68, '근무표(입력)'!$AN$3:$AN$33, $B68) -> 0 | D68: =IF(C68>=15, "O", "X") -> X | E68: =IF(D68="O", MIN(C68/5, 8)*10030, 0) -> 0
A69: =A68 -> 0 | B69: =WEEKNUM('근무표(입력)'!$A$3, 2) + 2 -> 7 | C69: =SUMIFS('근무표(입력)'!$F$3:$F$33, '근무표(입력)'!$C$3:$C$33, $A69, '근무표(입력)'!$AN$3:$AN$33, $B69)+SUMIFS('근무표(입력)'!$J$3:$J$33, '근무표(입력)'!$G$3:$G$33, $A69, '근무표(입력)'!$AN$3:$AN$33, $B69)+SUMIFS('근무표(입력)'!$N$3:$N$33, '근무표(입력)'!$K$3:$K$33, $A69, '근무표(입력)'!$AN$3:$AN$33, $B69)+SUMIFS('근무표(입력)'!$R$3:$R$33, '근무표(입력)'!$O$3:$O$33, $A69, '근무표(입력)'!$AN$3:$AN$33, $B69) -> 0 | D69: =IF(C69>=15, "O", "X") -> X | E69: =IF(D69="O", MIN(C69/5, 8)*10030, 0) -> 0
A70: =A69 -> 0 | B70: =WEEKNUM('근무표(입력)'!$A$3, 2) + 3 -> 8 | C70: =SUMIFS('근무표(입력)'!$F$3:$F$33, '근무표(입력)'!$C$3:$C$33, $A70, '근무표(입력)'!$AN$3:$AN$33, $B70)+SUMIFS('근무표(입력)'!$J$3:$J$33, '근무표(입력)'!$G$3:$G$33, $A70, '근무표(입력)'!$AN$3:$AN$33, $B70)+SUMIFS('근무표(입력)'!$N$3:$N$33, '근무표(입력)'!$K$3:$K$33, $A70, '근무표(입력)'!$AN$3:$AN$33, $B70)+SUMIFS('근무표(입력)'!$R$3:$R$33, '근무표(입력)'!$O$3:$O$33, $A70, '근무표(입력)'!$AN$3:$AN$33, $B70) -> 0 | D70: =IF(C70>=15, "O", "X") -> X | E70: =IF(D70="O", MIN(C70/5, 8)*10030, 0) -> 0
A71: =A70 -> 0 | B71: =WEEKNUM('근무표(입력)'!$A$3, 2) + 4 -> 9 | C71: =SUMIFS('근무표(입력)'!$F$3:$F$33, '근무표(입력)'!$C$3:$C$33, $A71, '근무표(입력)'!$AN$3:$AN$33, $B71)+SUMIFS('근무표(입력)'!$J$3:$J$33, '근무표(입력)'!$G$3:$G$33, $A71, '근무표(입력)'!$AN$3:$AN$33, $B71)+SUMIFS('근무표(입력)'!$N$3:$N$33, '근무표(입력)'!$K$3:$K$33, $A71, '근무표(입력)'!$AN$3:$AN$33, $B71)+SUMIFS('근무표(입력)'!$R$3:$R$33, '근무표(입력)'!$O$3:$O$33, $A71, '근무표(입력)'!$AN$3:$AN$33, $B71) -> 0 | D71: =IF(C71>=15, "O", "X") -> X | E71: =IF(D71="O", MIN(C71/5, 8)*10030, 0) -> 0
A72: =A71 -> 0 | B72: =WEEKNUM('근무표(입력)'!$A$3, 2) + 5 -> 10 | C72: =SUMIFS('근무표(입력)'!$F$3:$F$33, '근무표(입력)'!$C$3:$C$33, $A72, '근무표(입력)'!$AN$3:$AN$33, $B72)+SUMIFS('근무표(입력)'!$J$3:$J$33, '근무표(입력)'!$G$3:$G$33, $A72, '근무표(입력)'!$AN$3:$AN$33, $B72)+SUMIFS('근무표(입력)'!$N$3:$N$33, '근무표(입력)'!$K$3:$K$33, $A72, '근무표(입력)'!$AN$3:$AN$33, $B72)+SUMIFS('근무표(입력)'!$R$3:$R$33, '근무표(입력)'!$O$3:$O$33, $A72, '근무표(입력)'!$AN$3:$AN$33, $B72) -> 0 | D72: =IF(C72>=15, "O", "X") -> X | E72: =IF(D72="O", MIN(C72/5, 8)*10030, 0) -> 0
A74: 이름 | B74: 주차 | C74: 주간 총 시간 | D74: 15시간 이상? | E74: 발생 금액
A75: ='근무표(입력)'!Y12 -> 0 | B75: =WEEKNUM('근무표(입력)'!$A$3, 2) + 0 -> 5 | C75: =SUMIFS('근무표(입력)'!$F$3:$F$33, '근무표(입력)'!$C$3:$C$33, $A75, '근무표(입력)'!$AN$3:$AN$33, $B75)+SUMIFS('근무표(입력)'!$J$3:$J$33, '근무표(입력)'!$G$3:$G$33, $A75, '근무표(입력)'!$AN$3:$AN$33, $B75)+SUMIFS('근무표(입력)'!$N$3:$N$33, '근무표(입력)'!$K$3:$K$33, $A75, '근무표(입력)'!$AN$3:$AN$33, $B75)+SUMIFS('근무표(입력)'!$R$3:$R$33, '근무표(입력)'!$O$3:$O$33, $A75, '근무표(입력)'!$AN$3:$AN$33, $B75) -> 0 | D75: =IF(C75>=15, "O", "X") -> X | E75: =IF(D75="O", MIN(C75/5, 8)*10030, 0) -> 0
A76: =A75 -> 0 | B76: =WEEKNUM('근무표(입력)'!$A$3, 2) + 1 -> 6 | C76: =SUMIFS('근무표(입력)'!$F$3:$F$33, '근무표(입력)'!$C$3:$C$33, $A76, '근무표(입력)'!$AN$3:$AN$33, $B76)+SUMIFS('근무표(입력)'!$J$3:$J$33, '근무표(입력)'!$G$3:$G$33, $A76, '근무표(입력)'!$AN$3:$AN$33, $B76)+SUMIFS('근무표(입력)'!$N$3:$N$33, '근무표(입력)'!$K$3:$K$33, $A76, '근무표(입력)'!$AN$3:$AN$33, $B76)+SUMIFS('근무표(입력)'!$R$3:$R$33, '근무표(입력)'!$O$3:$O$33, $A76, '근무표(입력)'!$AN$3:$AN$33, $B76) -> 0 | D76: =IF(C76>=15, "O", "X") -> X | E76: =IF(D76="O", MIN(C76/5, 8)*10030, 0) -> 0
A77: =A76 -> 0 | B77: =WEEKNUM('근무표(입력)'!$A$3, 2) + 2 -> 7 | C77: =SUMIFS('근무표(입력)'!$F$3:$F$33, '근무표(입력)'!$C$3:$C$33, $A77, '근무표(입력)'!$AN$3:$AN$33, $B77)+SUMIFS('근무표(입력)'!$J$3:$J$33, '근무표(입력)'!$G$3:$G$33, $A77, '근무표(입력)'!$AN$3:$AN$33, $B77)+SUMIFS('근무표(입력)'!$N$3:$N$33, '근무표(입력)'!$K$3:$K$33, $A77, '근무표(입력)'!$AN$3:$AN$33, $B77)+SUMIFS('근무표(입력)'!$R$3:$R$33, '근무표(입력)'!$O$3:$O$33, $A77, '근무표(입력)'!$AN$3:$AN$33, $B77) -> 0 | D77: =IF(C77>=15, "O", "X") -> X | E77: =IF(D77="O", MIN(C77/5, 8)*10030, 0) -> 0
A78: =A77 -> 0 | B78: =WEEKNUM('근무표(입력)'!$A$3, 2) + 3 -> 8 | C78: =SUMIFS('근무표(입력)'!$F$3:$F$33, '근무표(입력)'!$C$3:$C$33, $A78, '근무표(입력)'!$AN$3:$AN$33, $B78)+SUMIFS('근무표(입력)'!$J$3:$J$33, '근무표(입력)'!$G$3:$G$33, $A78, '근무표(입력)'!$AN$3:$AN$33, $B78)+SUMIFS('근무표(입력)'!$N$3:$N$33, '근무표(입력)'!$K$3:$K$33, $A78, '근무표(입력)'!$AN$3:$AN$33, $B78)+SUMIFS('근무표(입력)'!$R$3:$R$33, '근무표(입력)'!$O$3:$O$33, $A78, '근무표(입력)'!$AN$3:$AN$33, $B78) -> 0 | D78: =IF(C78>=15, "O", "X") -> X | E78: =IF(D78="O", MIN(C78/5, 8)*10030, 0) -> 0
A79: =A78 -> 0 | B79: =WEEKNUM('근무표(입력)'!$A$3, 2) + 4 -> 9 | C79: =SUMIFS('근무표(입력)'!$F$3:$F$33, '근무표(입력)'!$C$3:$C$33, $A79, '근무표(입력)'!$AN$3:$AN$33, $B79)+SUMIFS('근무표(입력)'!$J$3:$J$33, '근무표(입력)'!$G$3:$G$33, $A79, '근무표(입력)'!$AN$3:$AN$33, $B79)+SUMIFS('근무표(입력)'!$N$3:$N$33, '근무표(입력)'!$K$3:$K$33, $A79, '근무표(입력)'!$AN$3:$AN$33, $B79)+SUMIFS('근무표(입력)'!$R$3:$R$33, '근무표(입력)'!$O$3:$O$33, $A79, '근무표(입력)'!$AN$3:$AN$33, $B79) -> 0 | D79: =IF(C79>=15, "O", "X") -> X | E79: =IF(D79="O", MIN(C79/5, 8)*10030, 0) -> 0
A80: =A79 -> 0 | B80: =WEEKNUM('근무표(입력)'!$A$3, 2) + 5 -> 10 | C80: =SUMIFS('근무표(입력)'!$F$3:$F$33, '근무표(입력)'!$C$3:$C$33, $A80, '근무표(입력)'!$AN$3:$AN$33, $B80)+SUMIFS('근무표(입력)'!$J$3:$J$33, '근무표(입력)'!$G$3:$G$33, $A80, '근무표(입력)'!$AN$3:$AN$33, $B80)+SUMIFS('근무표(입력)'!$N$3:$N$33, '근무표(입력)'!$K$3:$K$33, $A80, '근무표(입력)'!$AN$3:$AN$33, $B80)+SUMIFS('근무표(입력)'!$R$3:$R$33, '근무표(입력)'!$O$3:$O$33, $A80, '근무표(입력)'!$AN$3:$AN$33, $B80) -> 0 | D80: =IF(C80>=15, "O", "X") -> X | E80: =IF(D80="O", MIN(C80/5, 8)*10030, 0) -> 0
A82: 이름 | B82: 주차 | C82: 주간 총 시간 | D82: 15시간 이상? | E82: 발생 금액
A83: ='근무표(입력)'!Y13 -> 0 | B83: =WEEKNUM('근무표(입력)'!$A$3, 2) + 0 -> 5 | C83: =SUMIFS('근무표(입력)'!$F$3:$F$33, '근무표(입력)'!$C$3:$C$33, $A83, '근무표(입력)'!$AN$3:$AN$33, $B83)+SUMIFS('근무표(입력)'!$J$3:$J$33, '근무표(입력)'!$G$3:$G$33, $A83, '근무표(입력)'!$AN$3:$AN$33, $B83)+SUMIFS('근무표(입력)'!$N$3:$N$33, '근무표(입력)'!$K$3:$K$33, $A83, '근무표(입력)'!$AN$3:$AN$33, $B83)+SUMIFS('근무표(입력)'!$R$3:$R$33, '근무표(입력)'!$O$3:$O$33, $A83, '근무표(입력)'!$AN$3:$AN$33, $B83) -> 0 | D83: =IF(C83>=15, "O", "X") -> X | E83: =IF(D83="O", MIN(C83/5, 8)*10030, 0) -> 0
A84: =A83 -> 0 | B84: =WEEKNUM('근무표(입력)'!$A$3, 2) + 1 -> 6 | C84: =SUMIFS('근무표(입력)'!$F$3:$F$33, '근무표(입력)'!$C$3:$C$33, $A84, '근무표(입력)'!$AN$3:$AN$33, $B84)+SUMIFS('근무표(입력)'!$J$3:$J$33, '근무표(입력)'!$G$3:$G$33, $A84, '근무표(입력)'!$AN$3:$AN$33, $B84)+SUMIFS('근무표(입력)'!$N$3:$N$33, '근무표(입력)'!$K$3:$K$33, $A84, '근무표(입력)'!$AN$3:$AN$33, $B84)+SUMIFS('근무표(입력)'!$R$3:$R$33, '근무표(입력)'!$O$3:$O$33, $A84, '근무표(입력)'!$AN$3:$AN$33, $B84) -> 0 | D84: =IF(C84>=15, "O", "X") -> X | E84: =IF(D84="O", MIN(C84/5, 8)*10030, 0) -> 0
A85: =A84 -> 0 | B85: =WEEKNUM('근무표(입력)'!$A$3, 2) + 2 -> 7 | C85: =SUMIFS('근무표(입력)'!$F$3:$F$33, '근무표(입력)'!$C$3:$C$33, $A85, '근무표(입력)'!$AN$3:$AN$33, $B85)+SUMIFS('근무표(입력)'!$J$3:$J$33, '근무표(입력)'!$G$3:$G$33, $A85, '근무표(입력)'!$AN$3:$AN$33, $B85)+SUMIFS('근무표(입력)'!$N$3:$N$33, '근무표(입력)'!$K$3:$K$33, $A85, '근무표(입력)'!$AN$3:$AN$33, $B85)+SUMIFS('근무표(입력)'!$R$3:$R$33, '근무표(입력)'!$O$3:$O$33, $A85, '근무표(입력)'!$AN$3:$AN$33, $B85) -> 0 | D85: =IF(C85>=15, "O", "X") -> X | E85: =IF(D85="O", MIN(C85/5, 8)*10030, 0) -> 0
A86: =A85 -> 0 | B86: =WEEKNUM('근무표(입력)'!$A$3, 2) + 3 -> 8 | C86: =SUMIFS('근무표(입력)'!$F$3:$F$33, '근무표(입력)'!$C$3:$C$33, $A86, '근무표(입력)'!$AN$3:$AN$33, $B86)+SUMIFS('근무표(입력)'!$J$3:$J$33, '근무표(입력)'!$G$3:$G$33, $A86, '근무표(입력)'!$AN$3:$AN$33, $B86)+SUMIFS('근무표(입력)'!$N$3:$N$33, '근무표(입력)'!$K$3:$K$33, $A86, '근무표(입력)'!$AN$3:$AN$33, $B86)+SUMIFS('근무표(입력)'!$R$3:$R$33, '근무표(입력)'!$O$3:$O$33, $A86, '근무표(입력)'!$AN$3:$AN$33, $B86) -> 0 | D86: =IF(C86>=15, "O", "X") -> X | E86: =IF(D86="O", MIN(C86/5, 8)*10030, 0) -> 0
A87: =A86 -> 0 | B87: =WEEKNUM('근무표(입력)'!$A$3, 2) + 4 -> 9 | C87: =SUMIFS('근무표(입력)'!$F$3:$F$33, '근무표(입력)'!$C$3:$C$33, $A87, '근무표(입력)'!$AN$3:$AN$33, $B87)+SUMIFS('근무표(입력)'!$J$3:$J$33, '근무표(입력)'!$G$3:$G$33, $A87, '근무표(입력)'!$AN$3:$AN$33, $B87)+SUMIFS('근무표(입력)'!$N$3:$N$33, '근무표(입력)'!$K$3:$K$33, $A87, '근무표(입력)'!$AN$3:$AN$33, $B87)+SUMIFS('근무표(입력)'!$R$3:$R$33, '근무표(입력)'!$O$3:$O$33, $A87, '근무표(입력)'!$AN$3:$AN$33, $B87) -> 0 | D87: =IF(C87>=15, "O", "X") -> X | E87: =IF(D87="O", MIN(C87/5, 8)*10030, 0) -> 0
A88: =A87 -> 0 | B88: =WEEKNUM('근무표(입력)'!$A$3, 2) + 5 -> 10 | C88: =SUMIFS('근무표(입력)'!$F$3:$F$33, '근무표(입력)'!$C$3:$C$33, $A88, '근무표(입력)'!$AN$3:$AN$33, $B88)+SUMIFS('근무표(입력)'!$J$3:$J$33, '근무표(입력)'!$G$3:$G$33, $A88, '근무표(입력)'!$AN$3:$AN$33, $B88)+SUMIFS('근무표(입력)'!$N$3:$N$33, '근무표(입력)'!$K$3:$K$33, $A88, '근무표(입력)'!$AN$3:$AN$33, $B88)+SUMIFS('근무표(입력)'!$R$3:$R$33, '근무표(입력)'!$O$3:$O$33, $A88, '근무표(입력)'!$AN$3:$AN$33, $B88) -> 0 | D88: =IF(C88>=15, "O", "X") -> X | E88: =IF(D88="O", MIN(C88/5, 8)*10030, 0) -> 0
A90: 이름 | B90: 주차 | C90: 주간 총 시간 | D90: 15시간 이상? | E90: 발생 금액
A91: ='근무표(입력)'!Y14 -> 0 | B91: =WEEKNUM('근무표(입력)'!$A$3, 2) + 0 -> 5 | C91: =SUMIFS('근무표(입력)'!$F$3:$F$33, '근무표(입력)'!$C$3:$C$33, $A91, '근무표(입력)'!$AN$3:$AN$33, $B91)+SUMIFS('근무표(입력)'!$J$3:$J$33, '근무표(입력)'!$G$3:$G$33, $A91, '근무표(입력)'!$AN$3:$AN$33, $B91)+SUMIFS('근무표(입력)'!$N$3:$N$33, '근무표(입력)'!$K$3:$K$33, $A91, '근무표(입력)'!$AN$3:$AN$33, $B91)+SUMIFS('근무표(입력)'!$R$3:$R$33, '근무표(입력)'!$O$3:$O$33, $A91, '근무표(입력)'!$AN$3:$AN$33, $B91) -> 0 | D91: =IF(C91>=15, "O", "X") -> X | E91: =IF(D91="O", MIN(C91/5, 8)*10030, 0) -> 0
A92: =A91 -> 0 | B92: =WEEKNUM('근무표(입력)'!$A$3, 2) + 1 -> 6 | C92: =SUMIFS('근무표(입력)'!$F$3:$F$33, '근무표(입력)'!$C$3:$C$33, $A92, '근무표(입력)'!$AN$3:$AN$33, $B92)+SUMIFS('근무표(입력)'!$J$3:$J$33, '근무표(입력)'!$G$3:$G$33, $A92, '근무표(입력)'!$AN$3:$AN$33, $B92)+SUMIFS('근무표(입력)'!$N$3:$N$33, '근무표(입력)'!$K$3:$K$33, $A92, '근무표(입력)'!$AN$3:$AN$33, $B92)+SUMIFS('근무표(입력)'!$R$3:$R$33, '근무표(입력)'!$O$3:$O$33, $A92, '근무표(입력)'!$AN$3:$AN$33, $B92) -> 0 | D92: =IF(C92>=15, "O", "X") -> X | E92: =IF(D92="O", MIN(C92/5, 8)*10030, 0) -> 0
A93: =A92 -> 0 | B93: =WEEKNUM('근무표(입력)'!$A$3, 2) + 2 -> 7 | C93: =SUMIFS('근무표(입력)'!$F$3:$F$33, '근무표(입력)'!$C$3:$C$33, $A93, '근무표(입력)'!$AN$3:$AN$33, $B93)+SUMIFS('근무표(입력)'!$J$3:$J$33, '근무표(입력)'!$G$3:$G$33, $A93, '근무표(입력)'!$AN$3:$AN$33, $B93)+SUMIFS('근무표(입력)'!$N$3:$N$33, '근무표(입력)'!$K$3:$K$33, $A93, '근무표(입력)'!$AN$3:$AN$33, $B93)+SUMIFS('근무표(입력)'!$R$3:$R$33, '근무표(입력)'!$O$3:$O$33, $A93, '근무표(입력)'!$AN$3:$AN$33, $B93) -> 0 | D93: =IF(C93>=15, "O", "X") -> X | E93: =IF(D93="O", MIN(C93/5, 8)*10030, 0) -> 0
A94: =A93 -> 0 | B94: =WEEKNUM('근무표(입력)'!$A$3, 2) + 3 -> 8 | C94: =SUMIFS('근무표(입력)'!$F$3:$F$33, '근무표(입력)'!$C$3:$C$33, $A94, '근무표(입력)'!$AN$3:$AN$33, $B94)+SUMIFS('근무표(입력)'!$J$3:$J$33, '근무표(입력)'!$G$3:$G$33, $A94, '근무표(입력)'!$AN$3:$AN$33, $B94)+SUMIFS('근무표(입력)'!$N$3:$N$33, '근무표(입력)'!$K$3:$K$33, $A94, '근무표(입력)'!$AN$3:$AN$33, $B94)+SUMIFS('근무표(입력)'!$R$3:$R$33, '근무표(입력)'!$O$3:$O$33, $A94, '근무표(입력)'!$AN$3:$AN$33, $B94) -> 0 | D94: =IF(C94>=15, "O", "X") -> X | E94: =IF(D94="O", MIN(C94/5, 8)*10030, 0) -> 0
A95: =A94 -> 0 | B95: =WEEKNUM('근무표(입력)'!$A$3, 2) + 4 -> 9 | C95: =SUMIFS('근무표(입력)'!$F$3:$F$33, '근무표(입력)'!$C$3:$C$33, $A95, '근무표(입력)'!$AN$3:$AN$33, $B95)+SUMIFS('근무표(입력)'!$J$3:$J$33, '근무표(입력)'!$G$3:$G$33, $A95, '근무표(입력)'!$AN$3:$AN$33, $B95)+SUMIFS('근무표(입력)'!$N$3:$N$33, '근무표(입력)'!$K$3:$K$33, $A95, '근무표(입력)'!$AN$3:$AN$33, $B95)+SUMIFS('근무표(입력)'!$R$3:$R$33, '근무표(입력)'!$O$3:$O$33, $A95, '근무표(입력)'!$AN$3:$AN$33, $B95) -> 0 | D95: =IF(C95>=15, "O", "X") -> X | E95: =IF(D95="O", MIN(C95/5, 8)*10030, 0) -> 0
A96: =A95 -> 0 | B96: =WEEKNUM('근무표(입력)'!$A$3, 2) + 5 -> 10 | C96: =SUMIFS('근무표(입력)'!$F$3:$F$33, '근무표(입력)'!$C$3:$C$33, $A96, '근무표(입력)'!$AN$3:$AN$33, $B96)+SUMIFS('근무표(입력)'!$J$3:$J$33, '근무표(입력)'!$G$3:$G$33, $A96, '근무표(입력)'!$AN$3:$AN$33, $B96)+SUMIFS('근무표(입력)'!$N$3:$N$33, '근무표(입력)'!$K$3:$K$33, $A96, '근무표(입력)'!$AN$3:$AN$33, $B96)+SUMIFS('근무표(입력)'!$R$3:$R$33, '근무표(입력)'!$O$3:$O$33, $A96, '근무표(입력)'!$AN$3:$AN$33, $B96) -> 0 | D96: =IF(C96>=15, "O", "X") -> X | E96: =IF(D96="O", MIN(C96/5, 8)*10030, 0) -> 0
A98: 이름 | B98: 주차 | C98: 주간 총 시간 | D98: 15시간 이상? | E98: 발생 금액
A99: ='근무표(입력)'!Y15 -> 0 | B99: =WEEKNUM('근무표(입력)'!$A$3, 2) + 0 -> 5 | C99: =SUMIFS('근무표(입력)'!$F$3:$F$33, '근무표(입력)'!$C$3:$C$33, $A99, '근무표(입력)'!$AN$3:$AN$33, $B99)+SUMIFS('근무표(입력)'!$J$3:$J$33, '근무표(입력)'!$G$3:$G$33, $A99, '근무표(입력)'!$AN$3:$AN$33, $B99)+SUMIFS('근무표(입력)'!$N$3:$N$33, '근무표(입력)'!$K$3:$K$33, $A99, '근무표(입력)'!$AN$3:$AN$33, $B99)+SUMIFS('근무표(입력)'!$R$3:$R$33, '근무표(입력)'!$O$3:$O$33, $A99, '근무표(입력)'!$AN$3:$AN$33, $B99) -> 0 | D99: =IF(C99>=15, "O", "X") -> X | E99: =IF(D99="O", MIN(C99/5, 8)*10030, 0) -> 0
A100: =A99 -> 0 | B100: =WEEKNUM('근무표(입력)'!$A$3, 2) + 1 -> 6 | C100: =SUMIFS('근무표(입력)'!$F$3:$F$33, '근무표(입력)'!$C$3:$C$33, $A100, '근무표(입력)'!$AN$3:$AN$33, $B100)+SUMIFS('근무표(입력)'!$J$3:$J$33, '근무표(입력)'!$G$3:$G$33, $A100, '근무표(입력)'!$AN$3:$AN$33, $B100)+SUMIFS('근무표(입력)'!$N$3:$N$33, '근무표(입력)'!$K$3:$K$33, $A100, '근무표(입력)'!$AN$3:$AN$33, $B100)+SUMIFS('근무표(입력)'!$R$3:$R$33, '근무표(입력)'!$O$3:$O$33, $A100, '근무표(입력)'!$AN$3:$AN$33, $B100) -> 0 | D100: =IF(C100>=15, "O", "X") -> X | E100: =IF(D100="O", MIN(C100/5, 8)*10030, 0) -> 0
A101: =A100 -> 0 | B101: =WEEKNUM('근무표(입력)'!$A$3, 2) + 2 -> 7 | C101: =SUMIFS('근무표(입력)'!$F$3:$F$33, '근무표(입력)'!$C$3:$C$33, $A101, '근무표(입력)'!$AN$3:$AN$33, $B101)+SUMIFS('근무표(입력)'!$J$3:$J$33, '근무표(입력)'!$G$3:$G$33, $A101, '근무표(입력)'!$AN$3:$AN$33, $B101)+SUMIFS('근무표(입력)'!$N$3:$N$33, '근무표(입력)'!$K$3:$K$33, $A101, '근무표(입력)'!$AN$3:$AN$33, $B101)+SUMIFS('근무표(입력)'!$R$3:$R$33, '근무표(입력)'!$O$3:$O$33, $A101, '근무표(입력)'!$AN$3:$AN$33, $B101) -> 0 | D101: =IF(C101>=15, "O", "X") -> X | E101: =IF(D101="O", MIN(C101/5, 8)*10030, 0) -> 0
A102: =A101 -> 0 | B102: =WEEKNUM('근무표(입력)'!$A$3, 2) + 3 -> 8 | C102: =SUMIFS('근무표(입력)'!$F$3:$F$33, '근무표(입력)'!$C$3:$C$33, $A102, '근무표(입력)'!$AN$3:$AN$33, $B102)+SUMIFS('근무표(입력)'!$J$3:$J$33, '근무표(입력)'!$G$3:$G$33, $A102, '근무표(입력)'!$AN$3:$AN$33, $B102)+SUMIFS('근무표(입력)'!$N$3:$N$33, '근무표(입력)'!$K$3:$K$33, $A102, '근무표(입력)'!$AN$3:$AN$33, $B102)+SUMIFS('근무표(입력)'!$R$3:$R$33, '근무표(입력)'!$O$3:$O$33, $A102, '근무표(입력)'!$AN$3:$AN$33, $B102) -> 0 | D102: =IF(C102>=15, "O", "X") -> X | E102: =IF(D102="O", MIN(C102/5, 8)*10030, 0) -> 0
A103: =A102 -> 0 | B103: =WEEKNUM('근무표(입력)'!$A$3, 2) + 4 -> 9 | C103: =SUMIFS('근무표(입력)'!$F$3:$F$33, '근무표(입력)'!$C$3:$C$33, $A103, '근무표(입력)'!$AN$3:$AN$33, $B103)+SUMIFS('근무표(입력)'!$J$3:$J$33, '근무표(입력)'!$G$3:$G$33, $A103, '근무표(입력)'!$AN$3:$AN$33, $B103)+SUMIFS('근무표(입력)'!$N$3:$N$33, '근무표(입력)'!$K$3:$K$33, $A103, '근무표(입력)'!$AN$3:$AN$33, $B103)+SUMIFS('근무표(입력)'!$R$3:$R$33, '근무표(입력)'!$O$3:$O$33, $A103, '근무표(입력)'!$AN$3:$AN$33, $B103) -> 0 | D103: =IF(C103>=15, "O", "X") -> X | E103: =IF(D103="O", MIN(C103/5, 8)*10030, 0) -> 0
A104: =A103 -> 0 | B104: =WEEKNUM('근무표(입력)'!$A$3, 2) + 5 -> 10 | C104: =SUMIFS('근무표(입력)'!$F$3:$F$33, '근무표(입력)'!$C$3:$C$33, $A104, '근무표(입력)'!$AN$3:$AN$33, $B104)+SUMIFS('근무표(입력)'!$J$3:$J$33, '근무표(입력)'!$G$3:$G$33, $A104, '근무표(입력)'!$AN$3:$AN$33, $B104)+SUMIFS('근무표(입력)'!$N$3:$N$33, '근무표(입력)'!$K$3:$K$33, $A104, '근무표(입력)'!$AN$3:$AN$33, $B104)+SUMIFS('근무표(입력)'!$R$3:$R$33, '근무표(입력)'!$O$3:$O$33, $A104, '근무표(입력)'!$AN$3:$AN$33, $B104) -> 0 | D104: =IF(C104>=15, "O", "X") -> X | E104: =IF(D104="O", MIN(C104/5, 8)*10030, 0) -> 0
A106: 이름 | B106: 주차 | C106: 주간 총 시간 | D106: 15시간 이상? | E106: 발생 금액
A107: ='근무표(입력)'!Y16 -> 0 | B107: =WEEKNUM('근무표(입력)'!$A$3, 2) + 0 -> 5 | C107: =SUMIFS('근무표(입력)'!$F$3:$F$33, '근무표(입력)'!$C$3:$C$33, $A107, '근무표(입력)'!$AN$3:$AN$33, $B107)+SUMIFS('근무표(입력)'!$J$3:$J$33, '근무표(입력)'!$G$3:$G$33, $A107, '근무표(입력)'!$AN$3:$AN$33, $B107)+SUMIFS('근무표(입력)'!$N$3:$N$33, '근무표(입력)'!$K$3:$K$33, $A107, '근무표(입력)'!$AN$3:$AN$33, $B107)+SUMIFS('근무표(입력)'!$R$3:$R$33, '근무표(입력)'!$O$3:$O$33, $A107, '근무표(입력)'!$AN$3:$AN$33, $B107) -> 0 | D107: =IF(C107>=15, "O", "X") -> X | E107: =IF(D107="O", MIN(C107/5, 8)*10030, 0) -> 0
A108: =A107 -> 0 | B108: =WEEKNUM('근무표(입력)'!$A$3, 2) + 1 -> 6 | C108: =SUMIFS('근무표(입력)'!$F$3:$F$33, '근무표(입력)'!$C$3:$C$33, $A108, '근무표(입력)'!$AN$3:$AN$33, $B108)+SUMIFS('근무표(입력)'!$J$3:$J$33, '근무표(입력)'!$G$3:$G$33, $A108, '근무표(입력)'!$AN$3:$AN$33, $B108)+SUMIFS('근무표(입력)'!$N$3:$N$33, '근무표(입력)'!$K$3:$K$33, $A108, '근무표(입력)'!$AN$3:$AN$33, $B108)+SUMIFS('근무표(입력)'!$R$3:$R$33, '근무표(입력)'!$O$3:$O$33, $A108, '근무표(입력)'!$AN$3:$AN$33, $B108) -> 0 | D108: =IF(C108>=15, "O", "X") -> X | E108: =IF(D108="O", MIN(C108/5, 8)*10030, 0) -> 0
A109: =A108 -> 0 | B109: =WEEKNUM('근무표(입력)'!$A$3, 2) + 2 -> 7 | C109: =SUMIFS('근무표(입력)'!$F$3:$F$33, '근무표(입력)'!$C$3:$C$33, $A109, '근무표(입력)'!$AN$3:$AN$33, $B109)+SUMIFS('근무표(입력)'!$J$3:$J$33, '근무표(입력)'!$G$3:$G$33, $A109, '근무표(입력)'!$AN$3:$AN$33, $B109)+SUMIFS('근무표(입력)'!$N$3:$N$33, '근무표(입력)'!$K$3:$K$33, $A109, '근무표(입력)'!$AN$3:$AN$33, $B109)+SUMIFS('근무표(입력)'!$R$3:$R$33, '근무표(입력)'!$O$3:$O$33, $A109, '근무표(입력)'!$AN$3:$AN$33, $B109) -> 0 | D109: =IF(C109>=15, "O", "X") -> X | E109: =IF(D109="O", MIN(C109/5, 8)*10030, 0) -> 0
A110: =A109 -> 0 | B110: =WEEKNUM('근무표(입력)'!$A$3, 2) + 3 -> 8 | C110: =SUMIFS('근무표(입력)'!$F$3:$F$33, '근무표(입력)'!$C$3:$C$33, $A110, '근무표(입력)'!$AN$3:$AN$33, $B110)+SUMIFS('근무표(입력)'!$J$3:$J$33, '근무표(입력)'!$G$3:$G$33, $A110, '근무표(입력)'!$AN$3:$AN$33, $B110)+SUMIFS('근무표(입력)'!$N$3:$N$33, '근무표(입력)'!$K$3:$K$33, $A110, '근무표(입력)'!$AN$3:$AN$33, $B110)+SUMIFS('근무표(입력)'!$R$3:$R$33, '근무표(입력)'!$O$3:$O$33, $A110, '근무표(입력)'!$AN$3:$AN$33, $B110) -> 0 | D110: =IF(C110>=15, "O", "X") -> X | E110: =IF(D110="O", MIN(C110/5, 8)*10030, 0) -> 0
A111: =A110 -> 0 | B111: =WEEKNUM('근무표(입력)'!$A$3, 2) + 4 -> 9 | C111: =SUMIFS('근무표(입력)'!$F$3:$F$33, '근무표(입력)'!$C$3:$C$33, $A111, '근무표(입력)'!$AN$3:$AN$33, $B111)+SUMIFS('근무표(입력)'!$J$3:$J$33, '근무표(입력)'!$G$3:$G$33, $A111, '근무표(입력)'!$AN$3:$AN$33, $B111)+SUMIFS('근무표(입력)'!$N$3:$N$33, '근무표(입력)'!$K$3:$K$33, $A111, '근무표(입력)'!$AN$3:$AN$33, $B111)+SUMIFS('근무표(입력)'!$R$3:$R$33, '근무표(입력)'!$O$3:$O$33, $A111, '근무표(입력)'!$AN$3:$AN$33, $B111) -> 0 | D111: =IF(C111>=15, "O", "X") -> X | E111: =IF(D111="O", MIN(C111/5, 8)*10030, 0) -> 0
A112: =A111 -> 0 | B112: =WEEKNUM('근무표(입력)'!$A$3, 2) + 5 -> 10 | C112: =SUMIFS('근무표(입력)'!$F$3:$F$33, '근무표(입력)'!$C$3:$C$33, $A112, '근무표(입력)'!$AN$3:$AN$33, $B112)+SUMIFS('근무표(입력)'!$J$3:$J$33, '근무표(입력)'!$G$3:$G$33, $A112, '근무표(입력)'!$AN$3:$AN$33, $B112)+SUMIFS('근무표(입력)'!$N$3:$N$33, '근무표(입력)'!$K$3:$K$33, $A112, '근무표(입력)'!$AN$3:$AN$33, $B112)+SUMIFS('근무표(입력)'!$R$3:$R$33, '근무표(입력)'!$O$3:$O$33, $A112, '근무표(입력)'!$AN$3:$AN$33, $B112) -> 0 | D112: =IF(C112>=15, "O", "X") -> X | E112: =IF(D112="O", MIN(C112/5, 8)*10030, 0) -> 0

Sheet 급여대장
A1: ='근무표(입력)'!$A$3 -> 46054
A2: 작성일자 : | C2: =EOMONTH('근무표(입력)'!$A$3, 0) -> 46081
A3: 번호 | B3: 이 름 | C3: 총 근무시간 | D3: 시 급 | E3: 기본급여 | F3: 주휴수당 | G3: 급여 총계(세전) | H3: 국민연금 | I3: 건강보험 | J3: 장기요양 | K3: 고용보험 | L3: 공제 합계 | M3: 실수령액
A4: 1 | B4: ='근무표(입력)'!Y3 -> 김도윤 | C4: =SUMIF('근무표(입력)'!$C$3:$C$33, B4, '근무표(입력)'!$F$3:$F$33)+SUMIF('근무표(입력)'!$G$3:$G$33, B4, '근무표(입력)'!$J$3:$J$33)+SUMIF('근무표(입력)'!$K$3:$K$33, B4, '근무표(입력)'!$N$3:$N$33)+SUMIF('근무표(입력)'!$O$3:$O$33, B4, '근무표(입력)'!$R$3:$R$33) -> 0 | D4: 10030 | E4: =C4*D4 -> 0 | F4: =SUMIF('주휴수당 상세 검증'!A:A, B4, '주휴수당 상세 검증'!E:E) -> 0 | G4: =E4+F4 -> 0 | H4: =IF(C4>=60, TRUNC(G4*0.0475, -1), 0) -> 0 | I4: =IF(C4>=60, TRUNC(G4*0.03595, -1), 0) -> 0 | J4: =TRUNC(I4*0.1314, -1) -> 0 | K4: =IF(C4>=60, TRUNC(G4*0.009, -1), 0) -> 0 | L4: =SUM(H4:K4) -> 0 | M4: =G4-L4 -> 0
A5: 2 | B5: ='근무표(입력)'!Y4 -> 김지수 | C5: =SUMIF('근무표(입력)'!$C$3:$C$33, B5, '근무표(입력)'!$F$3:$F$33)+SUMIF('근무표(입력)'!$G$3:$G$33, B5, '근무표(입력)'!$J$3:$J$33)+SUMIF('근무표(입력)'!$K$3:$K$33, B5, '근무표(입력)'!$N$3:$N$33)+SUMIF('근무표(입력)'!$O$3:$O$33, B5, '근무표(입력)'!$R$3:$R$33) -> 0 | D5: 10030 | E5: =C5*D5 -> 0 | F5: =SUMIF('주휴수당 상세 검증'!A:A, B5, '주휴수당 상세 검증'!E:E) -> 0 | G5: =E5+F5 -> 0 | H5: =IF(C5>=60, TRUNC(G5*0.0475, -1), 0) -> 0 | I5: =IF(C5>=60, TRUNC(G5*0.03595, -1), 0) -> 0 | J5: =TRUNC(I5*0.1314, -1) -> 0 | K5: =IF(C5>=60, TRUNC(G5*0.009, -1), 0) -> 0 | L5: =SUM(H5:K5) -> 0 | M5: =G5-L5 -> 0
A6: 3 | B6: ='근무표(입력)'!Y5 -> 김현호 | C6: =SUMIF('근무표(입력)'!$C$3:$C$33, B6, '근무표(입력)'!$F$3:$F$33)+SUMIF('근무표(입력)'!$G$3:$G$33, B6, '근무표(입력)'!$J$3:$J$33)+SUMIF('근무표(입력)'!$K$3:$K$33, B6, '근무표(입력)'!$N$3:$N$33)+SUMIF('근무표(입력)'!$O$3:$O$33, B6, '근무표(입력)'!$R$3:$R$33) -> 0 | D6: 10030 | E6: =C6*D6 -> 0 | F6: =SUMIF('주휴수당 상세 검증'!A:A, B6, '주휴수당 상세 검증'!E:E) -> 0 | G6: =E6+F6 -> 0 | H6: =IF(C6>=60, TRUNC(G6*0.0475, -1), 0) -> 0 | I6: =IF(C6>=60, TRUNC(G6*0.03595, -1), 0) -> 0 | J6: =TRUNC(I6*0.1314, -1) -> 0 | K6: =IF(C6>=60, TRUNC(G6*0.009, -1), 0) -> 0 | L6: =SUM(H6:K6) -> 0 | M6: =G6-L6 -> 0
A7: 4 | B7: ='근무표(입력)'!Y6 -> 송채민 | C7: =SUMIF('근무표(입력)'!$C$3:$C$33, B7, '근무표(입력)'!$F$3:$F$33)+SUMIF('근무표(입력)'!$G$3:$G$33, B7, '근무표(입력)'!$J$3:$J$33)+SUMIF('근무표(입력)'!$K$3:$K$33, B7, '근무표(입력)'!$N$3:$N$33)+SUMIF('근무표(입력)'!$O$3:$O$33, B7, '근무표(입력)'!$R$3:$R$33) -> 0 | D7: 10030 | E7: =C7*D7 -> 0 | F7: =SUMIF('주휴수당 상세 검증'!A:A, B7, '주휴수당 상세 검증'!E:E) -> 0 | G7: =E7+F7 -> 0 | H7: =IF(C7>=60, TRUNC(G7*0.0475, -1), 0) -> 0 | I7: =IF(C7>=60, TRUNC(G7*0.03595, -1), 0) -> 0 | J7: =TRUNC(I7*0.1314, -1) -> 0 | K7: =IF(C7>=60, TRUNC(G7*0.009, -1), 0) -> 0 | L7: =SUM(H7:K7) -> 0 | M7: =G7-L7 -> 0
A8: 5 | B8: ='근무표(입력)'!Y7 -> 이예은 | C8: =SUMIF('근무표(입력)'!$C$3:$C$33, B8, '근무표(입력)'!$F$3:$F$33)+SUMIF('근무표(입력)'!$G$3:$G$33, B8, '근무표(입력)'!$J$3:$J$33)+SUMIF('근무표(입력)'!$K$3:$K$33, B8, '근무표(입력)'!$N$3:$N$33)+SUMIF('근무표(입력)'!$O$3:$O$33, B8, '근무표(입력)'!$R$3:$R$33) -> 0 | D8: 10030 | E8: =C8*D8 -> 0 | F8: =SUMIF('주휴수당 상세 검증'!A:A, B8, '주휴수당 상세 검증'!E:E) -> 0 | G8: =E8+F8 -> 0 | H8: =IF(C8>=60, TRUNC(G8*0.0475, -1), 0) -> 0 | I8: =IF(C8>=60, TRUNC(G8*0.03595, -1), 0) -> 0 | J8: =TRUNC(I8*0.1314, -1) -> 0 | K8: =IF(C8>=60, TRUNC(G8*0.009, -1), 0) -> 0 | L8: =SUM(H8:K8) -> 0 | M8: =G8-L8 -> 0
A9: 6 | B9: ='근무표(입력)'!Y8 -> 정가은 | C9: =SUMIF('근무표(입력)'!$C$3:$C$33, B9, '근무표(입력)'!$F$3:$F$33)+SUMIF('근무표(입력)'!$G$3:$G$33, B9, '근무표(입력)'!$J$3:$J$33)+SUMIF('근무표(입력)'!$K$3:$K$33, B9, '근무표(입력)'!$N$3:$N$33)+SUMIF('근무표(입력)'!$O$3:$O$33, B9, '근무표(입력)'!$R$3:$R$33) -> 0 | D9: 10030 | E9: =C9*D9 -> 0 | F9: =SUMIF('주휴수당 상세 검증'!A:A, B9, '주휴수당 상세 검증'!E:E) -> 0 | G9: =E9+F9 -> 0 | H9: =IF(C9>=60, TRUNC(G9*0.0475, -1), 0) -> 0 | I9: =IF(C9>=60, TRUNC(G9*0.03595, -1), 0) -> 0 | J9: =TRUNC(I9*0.1314, -1) -> 0 | K9: =IF(C9>=60, TRUNC(G9*0.009, -1), 0) -> 0 | L9: =SUM(H9:K9) -> 0 | M9: =G9-L9 -> 0
A10: 7 | B10: ='근무표(입력)'!Y9 -> 황승연 | C10: =SUMIF('근무표(입력)'!$C$3:$C$33, B10, '근무표(입력)'!$F$3:$F$33)+SUMIF('근무표(입력)'!$G$3:$G$33, B10, '근무표(입력)'!$J$3:$J$33)+SUMIF('근무표(입력)'!$K$3:$K$33, B10, '근무표(입력)'!$N$3:$N$33)+SUMIF('근무표(입력)'!$O$3:$O$33, B10, '근무표(입력)'!$R$3:$R$33) -> 0 | D10: 10030 | E10: =C10*D10 -> 0 | F10: =SUMIF('주휴수당 상세 검증'!A:A, B10, '주휴수당 상세 검증'!E:E) -> 0 | G10: =E10+F10 -> 0 | H10: =IF(C10>=60, TRUNC(G10*0.0475, -1), 0) -> 0 | I10: =IF(C10>=60, TRUNC(G10*0.03595, -1), 0) -> 0 | J10: =TRUNC(I10*0.1314, -1) -> 0 | K10: =IF(C10>=60, TRUNC(G10*0.009, -1), 0) -> 0 | L10: =SUM(H10:K10) -> 0 | M10: =G10-L10 -> 0
A11: 8 | B11: ='근무표(입력)'!Y10 -> 0 | C11: =SUMIF('근무표(입력)'!$C$3:$C$33, B11, '근무표(입력)'!$F$3:$F$33)+SUMIF('근무표(입력)'!$G$3:$G$33, B11, '근무표(입력)'!$J$3:$J$33)+SUMIF('근무표(입력)'!$K$3:$K$33, B11, '근무표(입력)'!$N$3:$N$33)+SUMIF('근무표(입력)'!$O$3:$O$33, B11, '근무표(입력)'!$R$3:$R$33) -> 0 | D11: 10030 | E11: =C11*D11 -> 0 | F11: =SUMIF('주휴수당 상세 검증'!A:A, B11, '주휴수당 상세 검증'!E:E) -> 0 | G11: =E11+F11 -> 0 | H11: =IF(C11>=60, TRUNC(G11*0.0475, -1), 0) -> 0 | I11: =IF(C11>=60, TRUNC(G11*0.03595, -1), 0) -> 0 | J11: =TRUNC(I11*0.1314, -1) -> 0 | K11: =IF(C11>=60, TRUNC(G11*0.009, -1), 0) -> 0 | L11: =SUM(H11:K11) -> 0 | M11: =G11-L11 -> 0
A12: 9 | B12: ='근무표(입력)'!Y11 -> 0 | C12: =SUMIF('근무표(입력)'!$C$3:$C$33, B12, '근무표(입력)'!$F$3:$F$33)+SUMIF('근무표(입력)'!$G$3:$G$33, B12, '근무표(입력)'!$J$3:$J$33)+SUMIF('근무표(입력)'!$K$3:$K$33, B12, '근무표(입력)'!$N$3:$N$33)+SUMIF('근무표(입력)'!$O$3:$O$33, B12, '근무표(입력)'!$R$3:$R$33) -> 0 | D12: 10030 | E12: =C12*D12 -> 0 | F12: =SUMIF('주휴수당 상세 검증'!A:A, B12, '주휴수당 상세 검증'!E:E) -> 0 | G12: =E12+F12 -> 0 | H12: =IF(C12>=60, TRUNC(G12*0.0475, -1), 0) -> 0 | I12: =IF(C12>=60, TRUNC(G12*0.03595, -1), 0) -> 0 | J12: =TRUNC(I12*0.1314, -1) -> 0 | K12: =IF(C12>=60, TRUNC(G12*0.009, -1), 0) -> 0 | L12: =SUM(H12:K12) -> 0 | M12: =G12-L12 -> 0
A13: 10 | B13: ='근무표(입력)'!Y12 -> 0 | C13: =SUMIF('근무표(입력)'!$C$3:$C$33, B13, '근무표(입력)'!$F$3:$F$33)+SUMIF('근무표(입력)'!$G$3:$G$33, B13, '근무표(입력)'!$J$3:$J$33)+SUMIF('근무표(입력)'!$K$3:$K$33, B13, '근무표(입력)'!$N$3:$N$33)+SUMIF('근무표(입력)'!$O$3:$O$33, B13, '근무표(입력)'!$R$3:$R$33) -> 0 | D13: 10030 | E13: =C13*D13 -> 0 | F13: =SUMIF('주휴수당 상세 검증'!A:A, B13, '주휴수당 상세 검증'!E:E) -> 0 | G13: =E13+F13 -> 0 | H13: =IF(C13>=60, TRUNC(G13*0.0475, -1), 0) -> 0 | I13: =IF(C13>=60, TRUNC(G13*0.03595, -1), 0) -> 0 | J13: =TRUNC(I13*0.1314, -1) -> 0 | K13: =IF(C13>=60, TRUNC(G13*0.009, -1), 0) -> 0 | L13: =SUM(H13:K13) -> 0 | M13: =G13-L13 -> 0
A14: 11 | B14: ='근무표(입력)'!Y13 -> 0 | C14: =SUMIF('근무표(입력)'!$C$3:$C$33, B14, '근무표(입력)'!$F$3:$F$33)+SUMIF('근무표(입력)'!$G$3:$G$33, B14, '근무표(입력)'!$J$3:$J$33)+SUMIF('근무표(입력)'!$K$3:$K$33, B14, '근무표(입력)'!$N$3:$N$33)+SUMIF('근무표(입력)'!$O$3:$O$33, B14, '근무표(입력)'!$R$3:$R$33) -> 0 | D14: 10030 | E14: =C14*D14 -> 0 | F14: =SUMIF('주휴수당 상세 검증'!A:A, B14, '주휴수당 상세 검증'!E:E) -> 0 | G14: =E14+F14 -> 0 | H14: =IF(C14>=60, TRUNC(G14*0.0475, -1), 0) -> 0 | I14: =IF(C14>=60, TRUNC(G14*0.03595, -1), 0) -> 0 | J14: =TRUNC(I14*0.1314, -1) -> 0 | K14: =IF(C14>=60, TRUNC(G14*0.009, -1), 0) -> 0 | L14: =SUM(H14:K14) -> 0 | M14: =G14-L14 -> 0
A15: 12 | B15: ='근무표(입력)'!Y14 -> 0 | C15: =SUMIF('근무표(입력)'!$C$3:$C$33, B15, '근무표(입력)'!$F$3:$F$33)+SUMIF('근무표(입력)'!$G$3:$G$33, B15, '근무표(입력)'!$J$3:$J$33)+SUMIF('근무표(입력)'!$K$3:$K$33, B15, '근무표(입력)'!$N$3:$N$33)+SUMIF('근무표(입력)'!$O$3:$O$33, B15, '근무표(입력)'!$R$3:$R$33) -> 0 | D15: 10030 | E15: =C15*D15 -> 0 | F15: =SUMIF('주휴수당 상세 검증'!A:A, B15, '주휴수당 상세 검증'!E:E) -> 0 | G15: =E15+F15 -> 0 | H15: =IF(C15>=60, TRUNC(G15*0.0475, -1), 0) -> 0 | I15: =IF(C15>=60, TRUNC(G15*0.03595, -1), 0) -> 0 | J15: =TRUNC(I15*0.1314, -1) -> 0 | K15: =IF(C15>=60, TRUNC(G15*0.009, -1), 0) -> 0 | L15: =SUM(H15:K15) -> 0 | M15: =G15-L15 -> 0
... A17: 14 | B17: ='근무표(입력)'!Y16 -> 0 | C17: =SUMIF('근무표(입력)'!$C$3:$C$33, B17, '근무표(입력)'!$F$3:$F$33)+SUMIF('근무표(입력)'!$G$3:$G$33, B17, '근무표(입력)'!$J$3:$J$33)+SUMIF('근무표(입력)'!$K$3:$K$33, B17, '근무표(입력)'!$N$3:$N$33)+SUMIF('근무표(입력)'!$O$3:$O$33, B17, '근무표(입력)'!$R$3:$R$33) -> 0 | D17: 10030 | E17: =C17*D17 -> 0 | F17: =SUMIF('주휴수당 상세 검증'!A:A, B17, '주휴수당 상세 검증'!E:E) -> 0 | G17: =E17+F17 -> 0 | H17: =IF(C17>=60, TRUNC(G17*0.0475, -1), 0) -> 0 | I17: =IF(C17>=60, TRUNC(G17*0.03595, -1), 0) -> 0 | J17: =TRUNC(I17*0.1314, -1) -> 0 | K17: =IF(C17>=60, TRUNC(G17*0.009, -1), 0) -> 0 | L17: =SUM(H17:K17) -> 0 | M17: =G17-L17 -> 0
A18: 합 계 | L18: =SUM(L4:L17) -> 0 | M18: =SUM(M4:M17) -> 0

Sheet 급여명세서
A1: 급 여 명 세 서 | F1: 급 여 명 세 서 | K1: 급 여 명 세 서 | P1: 급 여 명 세 서 | U1: 급 여 명 세 서
A2: 성 명 | B2: =급여대장!B4 -> 김도윤 | C2: 지급일자 | D2: ='근무표(입력)'!A30+1 -> 46082 | F2: 성 명 | G2: =급여대장!B5 -> 김지수 | H2: 지급일자 | I2: =D2 -> 46082 | K2: 성 명 | L2: =급여대장!B6 -> 김현호 | M2: 지급일자 | N2: =D2 -> 46082 | P2: 성 명 | Q2: =급여대장!B7 -> 송채민 | R2: 지급일자 | S2: =D2 -> 46082 | U2: 성 명 | V2: =급여대장!B8 -> 이예은 | W2: 지급일자 | X2: =D2 -> 46082
A3: 생년월일 | B3: 00.00.00 | C3: 연락처 | F3: 생년월일 | G3: 00.00.00 | H3: 연락처 | K3: 생년월일 | L3: 00.00.00 | M3: 연락처 | P3: 생년월일 | Q3: 00.00.00 | R3: 연락처 | U3: 생년월일 | V3: 00.00.00 | W3: 연락처
A5: [지급 내역] | C5: [공제내역] | F5: [지급 내역] | H5: [공제내역] | K5: [지급 내역] | M5: [공제내역] | P5: [지급 내역] | R5: [공제내역] | U5: [지급 내역] | W5: [공제내역]
A6: 기본급 | B6: =급여대장!E4 -> 0 | C6: 국민연금 | D6: =급여대장!H4 -> 0 | F6: 기본급 | G6: =급여대장!E5 -> 0 | H6: 국민연금 | I6: =급여대장!H5 -> 0 | K6: 기본급 | L6: =급여대장!E6 -> 0 | M6: 국민연금 | N6: =급여대장!H6 -> 0 | P6: 기본급 | Q6: =급여대장!E7 -> 0 | R6: 국민연금 | S6: =급여대장!H7 -> 0 | U6: 기본급 | V6: =급여대장!E8 -> 0 | W6: 국민연금 | X6: =급여대장!H8 -> 0
A7: 주휴수당 | B7: =급여대장!F4 -> 0 | C7: 건강보험 | D7: =급여대장!I4 -> 0 | F7: 주휴수당 | G7: =급여대장!F5 -> 0 | H7: 건강보험 | I7: =급여대장!I5 -> 0 | K7: 주휴수당 | L7: =급여대장!F6 -> 0 | M7: 건강보험 | N7: =급여대장!I6 -> 0 | P7: 주휴수당 | Q7: =급여대장!F7 -> 0 | R7: 건강보험 | S7: =급여대장!I7 -> 0 | U7: 주휴수당 | V7: =급여대장!F8 -> 0 | W7: 건강보험 | X7: =급여대장!I8 -> 0
A8: 기타수당 | C8: 장기요양 | D8: =급여대장!J4 -> 0 | F8: 기타수당 | H8: 장기요양 | I8: =급여대장!J5 -> 0 | K8: 기타수당 | M8: 장기요양 | N8: =급여대장!J6 -> 0 | P8: 기타수당 | R8: 장기요양 | S8: =급여대장!J7 -> 0 | U8: 기타수당 | W8: 장기요양 | X8: =급여대장!J8 -> 0
C9: 고용보험 | D9: =급여대장!K4 -> 0 | H9: 고용보험 | I9: =급여대장!K5 -> 0 | M9: 고용보험 | N9: =급여대장!K6 -> 0 | R9: 고용보험 | S9: =급여대장!K7 -> 0 | W9: 고용보험 | X9: =급여대장!K8 -> 0
A10: 지급합계 | B10: =급여대장!G4 -> 0 | C10: 공제합계 | D10: =급여대장!L4 -> 0 | F10: 지급합계 | G10: =급여대장!G5 -> 0 | H10: 공제합계 | I10: =급여대장!L5 -> 0 | K10: 지급합계 | L10: =급여대장!G6 -> 0 | M10: 공제합계 | N10: =급여대장!L6 -> 0 | P10: 지급합계 | Q10: =급여대장!G7 -> 0 | R10: 공제합계 | S10: =급여대장!L7 -> 0 | U10: 지급합계 | V10: =급여대장!G8 -> 0 | W10: 공제합계 | X10: =급여대장!L8 -> 0
A12: ★ 실 수령액 | B12: =급여대장!M4 -> 0 | F12: ★ 실 수령액 | G12: =급여대장!M5 -> 0 | K12: ★ 실 수령액 | L12: =급여대장!M6 -> 0 | P12: ★ 실 수령액 | Q12: =급여대장!M7 -> 0 | U12: ★ 실 수령액 | V12: =급여대장!M8 -> 0
A14: 위와 같이 급여를 정히 영수함. | F14: 위와 같이 급여를 정히 영수함. | K14: 위와 같이 급여를 정히 영수함. | P14: 위와 같이 급여를 정히 영수함. | U14: 위와 같이 급여를 정히 영수함.
A17: 급 여 명 세 서 | F17: 급 여 명 세 서 | K17: 급 여 명 세 서 | P17: 급 여 명 세 서 | U17: 급 여 명 세 서
A18: 성 명 | B18: =급여대장!B9 -> 정가은 | C18: 지급일자 | D18: =D2 -> 46082 | F18: 성 명 | G18: =급여대장!B10 -> 황승연 | H18: 지급일자 | I18: =D18 -> 46082 | K18: 성 명 | L18: =급여대장!B11 -> 0 | M18: 지급일자 | N18: =D18 -> 46082 | P18: 성 명 | Q18: =급여대장!B12 -> 0 | R18: 지급일자 | S18: =D18 -> 46082 | U18: 성 명 | V18: =급여대장!B13 -> 0 | W18: 지급일자 | X18: =D18 -> 46082
A19: 생년월일 | B19: 00.00.00 | C19: 연락처 | F19: 생년월일 | G19: 00.00.00 | H19: 연락처 | K19: 생년월일 | L19: 00.00.00 | M19: 연락처 | P19: 생년월일 | Q19: 00.00.00 | R19: 연락처 | U19: 생년월일 | V19: 00.00.00 | W19: 연락처
A21: [지급 내역] | C21: [공제내역] | F21: [지급 내역] | H21: [공제내역] | K21: [지급 내역] | M21: [공제내역] | P21: [지급 내역] | R21: [공제내역] | U21: [지급 내역] | W21: [공제내역]
A22: 기본급 | B22: =급여대장!E9 -> 0 | C22: 국민연금 | D22: =급여대장!H9 -> 0 | F22: 기본급 | G22: =급여대장!E10 -> 0 | H22: 국민연금 | I22: =급여대장!H10 -> 0 | K22: 기본급 | L22: =급여대장!E11 -> 0 | M22: 국민연금 | N22: =급여대장!H11 -> 0 | P22: 기본급 | Q22: =급여대장!E12 -> 0 | R22: 국민연금 | S22: =급여대장!H12 -> 0 | U22: 기본급 | V22: =급여대장!E13 -> 0 | W22: 국민연금 | X22: =급여대장!H13 -> 0
A23: 주휴수당 | B23: =급여대장!F9 -> 0 | C23: 건강보험 | D23: =급여대장!I9 -> 0 | F23: 주휴수당 | G23: =급여대장!F10 -> 0 | H23: 건강보험 | I23: =급여대장!I10 -> 0 | K23: 주휴수당 | L23: =급여대장!F11 -> 0 | M23: 건강보험 | N23: =급여대장!I11 -> 0 | P23: 주휴수당 | Q23: =급여대장!F12 -> 0 | R23: 건강보험 | S23: =급여대장!I12 -> 0 | U23: 주휴수당 | V23: =급여대장!F13 -> 0 | W23: 건강보험 | X23: =급여대장!I13 -> 0
A24: 기타수당 | C24: 장기요양 | D24: =급여대장!J9 -> 0 | F24: 기타수당 | H24: 장기요양 | I24: =급여대장!J10 -> 0 | K24: 기타수당 | M24: 장기요양 | N24: =급여대장!J11 -> 0 | P24: 기타수당 | R24: 장기요양 | S24: =급여대장!J12 -> 0 | U24: 기타수당 | W24: 장기요양 | X24: =급여대장!J13 -> 0
C25: 고용보험 | D25: =급여대장!K9 -> 0 | H25: 고용보험 | I25: =급여대장!K10 -> 0 | M25: 고용보험 | N25: =급여대장!K11 -> 0 | R25: 고용보험 | S25: =급여대장!K12 -> 0 | W25: 고용보험 | X25: =급여대장!K13 -> 0
A26: 지급합계 | B26: =급여대장!G9 -> 0 | C26: 공제합계 | D26: =급여대장!L9 -> 0 | F26: 지급합계 | G26: =급여대장!G10 -> 0 | H26: 공제합계 | I26: =급여대장!L10 -> 0 | K26: 지급합계 | L26: =급여대장!G11 -> 0 | M26: 공제합계 | N26: =급여대장!L11 -> 0 | P26: 지급합계 | Q26: =급여대장!G12 -> 0 | R26: 공제합계 | S26: =급여대장!L12 -> 0 | U26: 지급합계 | V26: =급여대장!G13 -> 0 | W26: 공제합계 | X26: =급여대장!L13 -> 0
A28: ★ 실 수령액 | B28: =급여대장!M9 -> 0 | F28: ★ 실 수령액 | G28: =급여대장!M10 -> 0 | K28: ★ 실 수령액 | L28: =급여대장!M11 -> 0 | P28: ★ 실 수령액 | Q28: =급여대장!M12 -> 0 | U28: ★ 실 수령액 | V28: =급여대장!M13 -> 0
A30: 위와 같이 급여를 정히 영수함. | F30: 위와 같이 급여를 정히 영수함. | K30: 위와 같이 급여를 정히 영수함. | P30: 위와 같이 급여를 정히 영수함. | U30: 위와 같이 급여를 정히 영수함.
